Patient_ID,Split
P19113,train
P16436,train
P03443,train
P08236,train
P17899,train
P06348,train
P16054,train
P16675,train
P03018,train
P15117,train
P04969,train
P08011,train
P10027,train
P16119,train
P00058,train
P06926,train
P06256,train
P15246,train
P06367,train
P14375,train
P14100,train
P12976,train
P04120,train
P19929,train
P02790,train
P04446,train
P11654,train
P15043,train
P02519,train
P01045,train
P13188,train
P04003,train
P10064,train
P00941,train
P16046,train
P04033,train
P01454,train
P03319,train
P10533,train
P08083,train
P04026,train
P09180,train
P05799,train
P09526,train
P17803,train
P07545,train
P03479,train
P02152,train
P06358,train
P00113,train
P12959,train
P15085,train
P19426,train
P10820,train
P07317,train
P06610,train
P08309,train
P12759,train
P08172,train
P00732,train
P01881,train
P12751,train
P16478,train
P05903,train
P09279,train
P18601,train
P08263,train
P00341,train
P15528,train
P16920,train
P02827,train
P15651,train
P09098,train
P05804,train
P05642,train
P19735,train
P12606,train
P13127,train
P15646,train
P12773,train
P13726,train
P04621,train
P19139,train
P07761,train
P12794,train
P03079,train
P12831,train
P11604,train
P12174,train
P10794,train
P02898,train
P12849,train
P17558,train
P17867,train
P11681,train
P09856,train
P05977,train
P18677,train
P08025,train
P17916,train
P12720,train
P03799,train
P04121,train
P05628,train
P17463,train
P11013,train
P17196,train
P14592,train
P13824,train
P15014,train
P04158,train
P13123,train
P14492,train
P09735,train
P02410,train
P09696,train
P12756,train
P04396,train
P17354,train
P12722,train
P03902,train
P16648,train
P00337,train
P06225,train
P06785,train
P18295,train
P19788,train
P18972,train
P08074,train
P12334,train
P04937,train
P01481,train
P06234,train
P06845,train
P08960,train
P15670,train
P02219,train
P03613,train
P01486,train
P19619,train
P12984,train
P08591,train
P17221,train
P02396,train
P05837,train
P00859,train
P03584,train
P15342,train
P06265,train
P11951,train
P13365,train
P09118,train
P11190,train
P11219,train
P03896,train
P11522,train
P19297,train
P04126,train
P12425,train
P18167,train
P10431,train
P09985,train
P01770,train
P06861,train
P06526,train
P16661,train
P02950,train
P02939,train
P15321,train
P01877,train
P19154,train
P17054,train
P04570,train
P07155,train
P18513,train
P07678,train
P16949,train
P09347,train
P10034,train
P00553,train
P15109,train
P14055,train
P12227,train
P01759,train
P09597,train
P09281,train
P14440,train
P19006,train
P06124,train
P06452,train
P15800,train
P10588,train
P18388,train
P08377,train
P12834,train
P03277,train
P13616,train
P06836,train
P14738,train
P17086,train
P02493,train
P18224,train
P05772,train
P01422,train
P13476,train
P14737,train
P05925,train
P01487,train
P01211,train
P11947,train
P16011,train
P02035,train
P12252,train
P15594,train
P17882,train
P11747,train
P05845,train
P01954,train
P02510,train
P18516,train
P01388,train
P06390,train
P04884,train
P16743,train
P16871,train
P00338,train
P07231,train
P04614,train
P09992,train
P07967,train
P14661,train
P16397,train
P04081,train
P00408,train
P12220,train
P15690,train
P00949,train
P16278,train
P18989,train
P19204,train
P00782,train
P17883,train
P15230,train
P02416,train
P07544,train
P02639,train
P08828,train
P00214,train
P19048,train
P13799,train
P03159,train
P17168,train
P17286,train
P09429,train
P17992,train
P08347,train
P19685,train
P08467,train
P04417,train
P14108,train
P05366,train
P09405,train
P11805,train
P19382,train
P18462,train
P09867,train
P00775,train
P16030,train
P19095,train
P16244,train
P12161,train
P00912,train
P04789,train
P01442,train
P13762,train
P13474,train
P14235,train
P11555,train
P09982,train
P18088,train
P19199,train
P03615,train
P05055,train
P06007,train
P15508,train
P02904,train
P17551,train
P11672,train
P05851,train
P13206,train
P08121,train
P05182,train
P19390,train
P17975,train
P05409,train
P05360,train
P11160,train
P11007,train
P01141,train
P06115,train
P06524,train
P18552,train
P02154,train
P06951,train
P03493,train
P10924,train
P12056,train
P16837,train
P09403,train
P17122,train
P17485,train
P06616,train
P14123,train
P02903,train
P04164,train
P12282,train
P01846,train
P10314,train
P00101,train
P17613,train
P19890,train
P11717,train
P00708,train
P09796,train
P12542,train
P03325,train
P17522,train
P07998,train
P02992,train
P00073,train
P08944,train
P05323,train
P14947,train
P09469,train
P19150,train
P18449,train
P00816,train
P16639,train
P03106,train
P04377,train
P02319,train
P03635,train
P00419,train
P10653,train
P08165,train
P02605,train
P07366,train
P08128,train
P18468,train
P08655,train
P09721,train
P08065,train
P07694,train
P00082,train
P00075,train
P18315,train
P02131,train
P15331,train
P08247,train
P06721,train
P17111,train
P09378,train
P09638,train
P06247,train
P19856,train
P14500,train
P14666,train
P13087,train
P03534,train
P09752,train
P10018,train
P06558,train
P16575,train
P12489,train
P09733,train
P04040,train
P00514,train
P08397,train
P10155,train
P14389,train
P16557,train
P09906,train
P17410,train
P06069,train
P18286,train
P17750,train
P10917,train
P13515,train
P03235,train
P03822,train
P16660,train
P07848,train
P01500,train
P02287,train
P06747,train
P15518,train
P17806,train
P12676,train
P19746,train
P05624,train
P07407,train
P09794,train
P12924,train
P02868,train
P03452,train
P09994,train
P03758,train
P10214,train
P03599,train
P19283,train
P17611,train
P07852,train
P18929,train
P17343,train
P18115,train
P04669,train
P18821,train
P01226,train
P07913,train
P17021,train
P00522,train
P11105,train
P18550,train
P14755,train
P06068,train
P06620,train
P04209,train
P10444,train
P04802,train
P12503,train
P08624,train
P11592,train
P10990,train
P18863,train
P06141,train
P10831,train
P11501,train
P04766,train
P10170,train
P16899,train
P14792,train
P02291,train
P07136,train
P00343,train
P02768,train
P10727,train
P13866,train
P05049,train
P00155,train
P09955,train
P02638,train
P12241,train
P04793,train
P04594,train
P00412,train
P19142,train
P14136,train
P06875,train
P10621,train
P10612,train
P14471,train
P15660,train
P11690,train
P19706,train
P00117,train
P02755,train
P13908,train
P08310,train
P09673,train
P00624,train
P08277,train
P05597,train
P01928,train
P19869,train
P00258,train
P13633,train
P04679,train
P19710,train
P19162,train
P08763,train
P13312,train
P12270,train
P16641,train
P03630,train
P15636,train
P13083,train
P02200,train
P03663,train
P07997,train
P12981,train
P10626,train
P13625,train
P01044,train
P17106,train
P13696,train
P09581,train
P04568,train
P17259,train
P08753,train
P17642,train
P05735,train
P09156,train
P13739,train
P04649,train
P06096,train
P05587,train
P13276,train
P13266,train
P03308,train
P05300,train
P18439,train
P05475,train
P10580,train
P07760,train
P11843,train
P13035,train
P01564,train
P01324,train
P13557,train
P19940,train
P15702,train
P12523,train
P01528,train
P16301,train
P15739,train
P07954,train
P10508,train
P08653,train
P07384,train
P19711,train
P14493,train
P07109,train
P08826,train
P04533,train
P02066,train
P03904,train
P02063,train
P10655,train
P09966,train
P06200,train
P04572,train
P16433,train
P03280,train
P01273,train
P14480,train
P01865,train
P03281,train
P13295,train
P01956,train
P19580,train
P08206,train
P15790,train
P08208,train
P15359,train
P00217,train
P17516,train
P05567,train
P15050,train
P05872,train
P09136,train
P14128,train
P12069,train
P04083,train
P02260,train
P18977,train
P10731,train
P02528,train
P18581,train
P12827,train
P04539,train
P05523,train
P12816,train
P16918,train
P11800,train
P04323,train
P17290,train
P14097,train
P01041,train
P15063,train
P13809,train
P19489,train
P07334,train
P15068,train
P06730,train
P17434,train
P07601,train
P04648,train
P19937,train
P17076,train
P16470,train
P08649,train
P01342,train
P18628,train
P14654,train
P06815,train
P10492,train
P05425,train
P19664,train
P02495,train
P11846,train
P10255,train
P06166,train
P16129,train
P04407,train
P19801,train
P02847,train
P16558,train
P16878,train
P00218,train
P19871,train
P03357,train
P15904,train
P17437,train
P07980,train
P07644,train
P10129,train
P14994,train
P01417,train
P14532,train
P05471,train
P18465,train
P06230,train
P15219,train
P17580,train
P14769,train
P12006,train
P08039,train
P15332,train
P03678,train
P06990,train
P07398,train
P03544,train
P06079,train
P06741,train
P15778,train
P07911,train
P01849,train
P17028,train
P06419,train
P09592,train
P07089,train
P00111,train
P02227,train
P08765,train
P00539,train
P00157,train
P14732,train
P00958,train
P04980,train
P07637,train
P05345,train
P18264,train
P17075,train
P03439,train
P18982,train
P16335,train
P07116,train
P10136,train
P19648,train
P09910,train
P08769,train
P17311,train
P11512,train
P17083,train
P00367,train
P12209,train
P05829,train
P00424,train
P07525,train
P11686,train
P03140,train
P19466,train
P08906,train
P07597,train
P02427,train
P00681,train
P05778,train
P06554,train
P06709,train
P09552,train
P17976,train
P09764,train
P07108,train
P10702,train
P17720,train
P16303,train
P02175,train
P02807,train
P02747,train
P03589,train
P01172,train
P13450,train
P01420,train
P14516,train
P17293,train
P07680,train
P07363,train
P13234,train
P07960,train
P03369,train
P10001,train
P11728,train
P12932,train
P13588,train
P14475,train
P01321,train
P08547,train
P04221,train
P01278,train
P17309,train
P00311,train
P17931,train
P16985,train
P02592,train
P02057,train
P03302,train
P16617,train
P14935,train
P14132,train
P18523,train
P18525,train
P15656,train
P01101,train
P09574,train
P02609,train
P08566,train
P06301,train
P01665,train
P02289,train
P04924,train
P08248,train
P07174,train
P01051,train
P13391,train
P02444,train
P07802,train
P13618,train
P15112,train
P00849,train
P10670,train
P14327,train
P04388,train
P02365,train
P13759,train
P05861,train
P00797,train
P08126,train
P16846,train
P19045,train
P00574,train
P04122,train
P17794,train
P12496,train
P19034,train
P00787,train
P15797,train
P08729,train
P19653,train
P12732,train
P00096,train
P15889,train
P10075,train
P16102,train
P11050,train
P08483,train
P07490,train
P15729,train
P08374,train
P02625,train
P13982,train
P16134,train
P19480,train
P11216,train
P03746,train
P01396,train
P18005,train
P15453,train
P17136,train
P01826,train
P05996,train
P07437,train
P08320,train
P01156,train
P16259,train
P05985,train
P10763,train
P17214,train
P04455,train
P05391,train
P03139,train
P12173,train
P13373,train
P08987,train
P07796,train
P01077,train
P19707,train
P13371,train
P02169,train
P00768,train
P07207,train
P04005,train
P08790,train
P11471,train
P07003,train
P05770,train
P10736,train
P07131,train
P14188,train
P06257,train
P02134,train
P19152,train
P06849,train
P04200,train
P03947,train
P19442,train
P10786,train
P17210,train
P18771,train
P13413,train
P02053,train
P01310,train
P07500,train
P06215,train
P15425,train
P02717,train
P08311,train
P15525,train
P17369,train
P02222,train
P16008,train
P19511,train
P07148,train
P14619,train
P07946,train
P07702,train
P17954,train
P17477,train
P00118,train
P02937,train
P02681,train
P05074,train
P10818,train
P15346,train
P15136,train
P00433,train
P16144,train
P11572,train
P08267,train
P12609,train
P03286,train
P06504,train
P19280,train
P18847,train
P09397,train
P05550,train
P17462,train
P08850,train
P14058,train
P16833,train
P09786,train
P15402,train
P01864,train
P07261,train
P16733,train
P07854,train
P15381,train
P06113,train
P08222,train
P13056,train
P14476,train
P03202,train
P10972,train
P08304,train
P13928,train
P01069,train
P16695,train
P10213,train
P00040,train
P16277,train
P13227,train
P19081,train
P05340,train
P19753,train
P17155,train
P06245,train
P11124,train
P01179,train
P11859,train
P03155,train
P19769,train
P09882,train
P10487,train
P06764,train
P16767,train
P11184,train
P09419,train
P19820,train
P17967,train
P05563,train
P00407,train
P05512,train
P16178,train
P17344,train
P08086,train
P16996,train
P08054,train
P03138,train
P10252,train
P13137,train
P14932,train
P10387,train
P09453,train
P19435,train
P08393,train
P05614,train
P19863,train
P09760,train
P11956,train
P19806,train
P06469,train
P14288,train
P11844,train
P08110,train
P04275,train
P06316,train
P02954,train
P11411,train
P16410,train
P16730,train
P15100,train
P19532,train
P00439,train
P14694,train
P10071,train
P02959,train
P10019,train
P09452,train
P10489,train
P18806,train
P13239,train
P05106,train
P09412,train
P06017,train
P05192,train
P08438,train
P01932,train
P19447,train
P04367,train
P18505,train
P17571,train
P00845,train
P05329,train
P13055,train
P17065,train
P19011,train
P18667,train
P04670,train
P07861,train
P05342,train
P03690,train
P03598,train
P13172,train
P19881,train
P06896,train
P10298,train
P02429,train
P05431,train
P02002,train
P13546,train
P02887,train
P03178,train
P18654,train
P10563,train
P12784,train
P17594,train
P07955,train
P04941,train
P04319,train
P12985,train
P00572,train
P06031,train
P16663,train
P09047,train
P17285,train
P04357,train
P07792,train
P14373,train
P07321,train
P07568,train
P19158,train
P00645,train
P14771,train
P04584,train
P16295,train
P07219,train
P10363,train
P12809,train
P18599,train
P06071,train
P09511,train
P13448,train
P09220,train
P16974,train
P10093,train
P13104,train
P12842,train
P03928,train
P00907,train
P06911,train
P06055,train
P00678,train
P13031,train
P04870,train
P15039,train
P10693,train
P08295,train
P05569,train
P18191,train
P10713,train
P15561,train
P17031,train
P06530,train
P12476,train
P02637,train
P01061,train
P19793,train
P14925,train
P04950,train
P00346,train
P05486,train
P14230,train
P01997,train
P09654,train
P16950,train
P02201,train
P12800,train
P12746,train
P10263,train
P10530,train
P09466,train
P18414,train
P11823,train
P05547,train
P19918,train
P18586,train
P15115,train
P16181,train
P05975,train
P09257,train
P18762,train
P17355,train
P08957,train
P07103,train
P09304,train
P01019,train
P11791,train
P09319,train
P18173,train
P19841,train
P10711,train
P12906,train
P09620,train
P04272,train
P05749,train
P04201,train
P06743,train
P19027,train
P09029,train
P10851,train
P09715,train
P11350,train
P09269,train
P01546,train
P05924,train
P04439,train
P01096,train
P18084,train
P02924,train
P09855,train
P10557,train
P03083,train
P03368,train
P10605,train
P10052,train
P11265,train
P15897,train
P10800,train
P00005,train
P05119,train
P09792,train
P06880,train
P15985,train
P02948,train
P19272,train
P11123,train
P02799,train
P08499,train
P02485,train
P16235,train
P15054,train
P09316,train
P00735,train
P08328,train
P08809,train
P08578,train
P10788,train
P14431,train
P19555,train
P11799,train
P12578,train
P17820,train
P13361,train
P13036,train
P18835,train
P07324,train
P06601,train
P04779,train
P05148,train
P05905,train
P19400,train
P15789,train
P15278,train
P18614,train
P17587,train
P17999,train
P10312,train
P09152,train
P02908,train
P13538,train
P02268,train
P08090,train
P01790,train
P04519,train
P18820,train
P01526,train
P14589,train
P19349,train
P19032,train
P02324,train
P10755,train
P18298,train
P11790,train
P02704,train
P06563,train
P00900,train
P03322,train
P02186,train
P12131,train
P05499,train
P08081,train
P02856,train
P08606,train
P04824,train
P16947,train
P14275,train
P12690,train
P01711,train
P14614,train
P11391,train
P11613,train
P10776,train
P10981,train
P14897,train
P10493,train
P15711,train
P09572,train
P09776,train
P05572,train
P07587,train
P15712,train
P10086,train
P00110,train
P11860,train
P13821,train
P05203,train
P11801,train
P15943,train
P06552,train
P07810,train
P19262,train
P00509,train
P01561,train
P11638,train
P14163,train
P09149,train
P02686,train
P03927,train
P07457,train
P01781,train
P07842,train
P19060,train
P18680,train
P13758,train
P15688,train
P16197,train
P03684,train
P06380,train
P13026,train
P13985,train
P10495,train
P16874,train
P09711,train
P16620,train
P17545,train
P14199,train
P12735,train
P04098,train
P05369,train
P16931,train
P04492,train
P12414,train
P17955,train
P05797,train
P12208,train
P18018,train
P15343,train
P14186,train
P02250,train
P05021,train
P19219,train
P08687,train
P01904,train
P00026,train
P19089,train
P15162,train
P08358,train
P01936,train
P06707,train
P10445,train
P13468,train
P08876,train
P04960,train
P05236,train
P17765,train
P13495,train
P05535,train
P07989,train
P12360,train
P14182,train
P18021,train
P17535,train
P01674,train
P03265,train
P13902,train
P04342,train
P16783,train
P01787,train
P09001,train
P16047,train
P07592,train
P04027,train
P12534,train
P18679,train
P17020,train
P14741,train
P03157,train
P00783,train
P13596,train
P08727,train
P14781,train
P16241,train
P07649,train
P11101,train
P01390,train
P02150,train
P12079,train
P04497,train
P19216,train
P19764,train
P03531,train
P16834,train
P10327,train
P01466,train
P05491,train
P05027,train
P18041,train
P05666,train
P03383,train
P02280,train
P10511,train
P12781,train
P06913,train
P08427,train
P10734,train
P06946,train
P10291,train
P06486,train
P18334,train
P00756,train
P08486,train
P00015,train
P18319,train
P17778,train
P19275,train
P08673,train
P15748,train
P19077,train
P17651,train
P08841,train
P09537,train
P11149,train
P15683,train
P02084,train
P16300,train
P15003,train
P13351,train
P17898,train
P08051,train
P06258,train
P18497,train
P07679,train
P19156,train
P17589,train
P13463,train
P03007,train
P17486,train
P12291,train
P08384,train
P18221,train
P17228,train
P09011,train
P00825,train
P12223,train
P00061,train
P13483,train
P17989,train
P17436,train
P18485,train
P19709,train
P00628,train
P18493,train
P01555,train
P16547,train
P13886,train
P18151,train
P09300,train
P01992,train
P10999,train
P00335,train
P04722,train
P12265,train
P18121,train
P04473,train
P16456,train
P17144,train
P10980,train
P01554,train
P04505,train
P01542,train
P15349,train
P00447,train
P05363,train
P03938,train
P00112,train
P13271,train
P01374,train
P17623,train
P07301,train
P05214,train
P12629,train
P11910,train
P16182,train
P11831,train
P17274,train
P07920,train
P09905,train
P03061,train
P07731,train
P09657,train
P09447,train
P00286,train
P03082,train
P16313,train
P05028,train
P03998,train
P13201,train
P14799,train
P07467,train
P02489,train
P17845,train
P04592,train
P11150,train
P05901,train
P14676,train
P01222,train
P16759,train
P06381,train
P05198,train
P06708,train
P13139,train
P15893,train
P17335,train
P11779,train
P10028,train
P16147,train
P05285,train
P01800,train
P06287,train
P13205,train
P10966,train
P16454,train
P18198,train
P01899,train
P13691,train
P09983,train
P02411,train
P03075,train
P11195,train
P13741,train
P05140,train
P01438,train
P18954,train
P00309,train
P07162,train
P03567,train
P01924,train
P17451,train
P15916,train
P05301,train
P01343,train
P00707,train
P12812,train
P07695,train
P03517,train
P10906,train
P07055,train
P01545,train
P19766,train
P13487,train
P07342,train
P09695,train
P19096,train
P00219,train
P01634,train
P18816,train
P01110,train
P18028,train
P11058,train
P16326,train
P08133,train
P04624,train
P06726,train
P07356,train
P17772,train
P15629,train
P12264,train
P18544,train
P06389,train
P05320,train
P04801,train
P03850,train
P11159,train
P18435,train
P06098,train
P14034,train
P10532,train
P10338,train
P03669,train
P16358,train
P08278,train
P04571,train
P03427,train
P12869,train
P14642,train
P00226,train
P09965,train
P08863,train
P14485,train
P01565,train
P12017,train
P03347,train
P00555,train
P05420,train
P09726,train
P07238,train
P17781,train
P12511,train
P04782,train
P19995,train
P08767,train
P04715,train
P08415,train
P12437,train
P04092,train
P11781,train
P13655,train
P08605,train
P06959,train
P06980,train
P07693,train
P15859,train
P13801,train
P00794,train
P03175,train
P18700,train
P15993,train
P12337,train
P15811,train
P08080,train
P02037,train
P02588,train
P16492,train
P11481,train
P01386,train
P06162,train
P12896,train
P10938,train
P04676,train
P16328,train
P15661,train
P15323,train
P18355,train
P12238,train
P02871,train
P02439,train
P06585,train
P02039,train
P12928,train
P08913,train
P14120,train
P01599,train
P00344,train
P04912,train
P11062,train
P14159,train
P19692,train
P05914,train
P05459,train
P07692,train
P18885,train
P13953,train
P05670,train
P10099,train
P11513,train
P17747,train
P01376,train
P00973,train
P00724,train
P19631,train
P07820,train
P16267,train
P14910,train
P00882,train
P17920,train
P00963,train
P04549,train
P14294,train
P15752,train
P18484,train
P11925,train
P02436,train
P16720,train
P15781,train
P06596,train
P16111,train
P12321,train
P13269,train
P01765,train
P14859,train
P05257,train
P15225,train
P02794,train
P03480,train
P03591,train
P19306,train
P03058,train
P11439,train
P15538,train
P09034,train
P06961,train
P15593,train
P08692,train
P05417,train
P10761,train
P00052,train
P17906,train
P10907,train
P10340,train
P15401,train
P19548,train
P06360,train
P16325,train
P00888,train
P10709,train
P11320,train
P10206,train
P00145,train
P11670,train
P12702,train
P13261,train
P06016,train
P18297,train
P19114,train
P10638,train
P04718,train
P11881,train
P16596,train
P08515,train
P14606,train
P15397,train
P02327,train
P12189,train
P01354,train
P14178,train
P02611,train
P04825,train
P12117,train
P16039,train
P07137,train
P17088,train
P02721,train
P07923,train
P19920,train
P04819,train
P17102,train
P05650,train
P01497,train
P02608,train
P05171,train
P09153,train
P01538,train
P12538,train
P02235,train
P04006,train
P18813,train
P17098,train
P16495,train
P00197,train
P14992,train
P00995,train
P17395,train
P11550,train
P07944,train
P14561,train
P06184,train
P04945,train
P05205,train
P09330,train
P05937,train
P17240,train
P16158,train
P16811,train
P04062,train
P13325,train
P01275,train
P01529,train
P05866,train
P09468,train
P11577,train
P16101,train
P05740,train
P18851,train
P18049,train
P14636,train
P19493,train
P04587,train
P15902,train
P12127,train
P16734,train
P12075,train
P07975,train
P19136,train
P15556,train
P04185,train
P00813,train
P11337,train
P14683,train
P17284,train
P19059,train
P06584,train
P02975,train
P14862,train
P06920,train
P01311,train
P08633,train
P10546,train
P08833,train
P14418,train
P08621,train
P06475,train
P11412,train
P00301,train
P10570,train
P00137,train
P08773,train
P07254,train
P20000,train
P12376,train
P15590,train
P18589,train
P04910,train
P05009,train
P19197,train
P00324,train
P01935,train
P10983,train
P14678,train
P15076,train
P19932,train
P14735,train
P05794,train
P18751,train
P06338,train
P14344,train
P04932,train
P15310,train
P13037,train
P07168,train
P19196,train
P14271,train
P02305,train
P05141,train
P01120,train
P17632,train
P07750,train
P05973,train
P00608,train
P10947,train
P15172,train
P18916,train
P03970,train
P17406,train
P13811,train
P15048,train
P00740,train
P11423,train
P17050,train
P08680,train
P10864,train
P02762,train
P09722,train
P16423,train
P16573,train
P06405,train
P18426,train
P02606,train
P10486,train
P08046,train
P15743,train
P16606,train
P17207,train
P05276,train
P04329,train
P08411,train
P09734,train
P18800,train
P05332,train
P00183,train
P00434,train
P08169,train
P02455,train
P10560,train
P08579,train
P02424,train
P19512,train
P19551,train
P18855,train
P14314,train
P02461,train
P00121,train
P09545,train
P19998,train
P15925,train
P17039,train
P06876,train
P15914,train
P01266,train
P11552,train
P03406,train
P06243,train
P11384,train
P07087,train
P05500,train
P17099,train
P02566,train
P18068,train
P08120,train
P16703,train
P07381,train
P01399,train
P10004,train
P06053,train
P06280,train
P09858,train
P18519,train
P06293,train
P08711,train
P07290,train
P09785,train
P08678,train
P08089,train
P06516,train
P11712,train
P18217,train
P11850,train
P01515,train
P09714,train
P14331,train
P02047,train
P19867,train
P00035,train
P06840,train
P07046,train
P07917,train
P16915,train
P06005,train
P08139,train
P12050,train
P01923,train
P01772,train
P04814,train
P11892,train
P08873,train
P17351,train
P07866,train
P11437,train
P07134,train
P05410,train
P07323,train
P03142,train
P12552,train
P06578,train
P01646,train
P12210,train
P15775,train
P03256,train
P01530,train
P15169,train
P12398,train
P13249,train
P17465,train
P09140,train
P09046,train
P03358,train
P07914,train
P00731,train
P03362,train
P09596,train
P12936,train
P07090,train
P17313,train
P05173,train
P18692,train
P08190,train
P06814,train
P09633,train
P05026,train
P05343,train
P06349,train
P19540,train
P07843,train
P00242,train
P05129,train
P09660,train
P00271,train
P08170,train
P13946,train
P01366,train
P09933,train
P16510,train
P02736,train
P10474,train
P17048,train
P17297,train
P18335,train
P07495,train
P06851,train
P11494,train
P03856,train
P11721,train
P09265,train
P00105,train
P17635,train
P16789,train
P10124,train
P11637,train
P14161,train
P10886,train
P06868,train
P11470,train
P10722,train
P01776,train
P05834,train
P19906,train
P13686,train
P15946,train
P07141,train
P06165,train
P06056,train
P03556,train
P09816,train
P04237,train
P07163,train
P00935,train
P19308,train
P09173,train
P12963,train
P16537,train
P18053,train
P02840,train
P02355,train
P11945,train
P02851,train
P12905,train
P17271,train
P16287,train
P15718,train
P13636,train
P01650,train
P09980,train
P11114,train
P08964,train
P04016,train
P13118,train
P10337,train
P06917,train
P16091,train
P12266,train
P03800,train
P06190,train
P16578,train
P14770,train
P02751,train
P01075,train
P18530,train
P06186,train
P18296,train
P08665,train
P04553,train
P14717,train
P09065,train
P04250,train
P10313,train
P16682,train
P15318,train
P13504,train
P04400,train
P04687,train
P13882,train
P07215,train
P14578,train
P15501,train
P17876,train
P14911,train
P00385,train
P03956,train
P16191,train
P08715,train
P09614,train
P04106,train
P18761,train
P14330,train
P10647,train
P14487,train
P06385,train
P12777,train
P00884,train
P01644,train
P19805,train
P15233,train
P09004,train
P18894,train
P14001,train
P11934,train
P09846,train
P00855,train
P07115,train
P17236,train
P12016,train
P02491,train
P17575,train
P18202,train
P15879,train
P01268,train
P14772,train
P14534,train
P12919,train
P18809,train
P12660,train
P16081,train
P07973,train
P07129,train
P15190,train
P03418,train
P08161,train
P19886,train
P02962,train
P08848,train
P07514,train
P14888,train
P11354,train
P02817,train
P07879,train
P19523,train
P00814,train
P19714,train
P19990,train
P01855,train
P19388,train
P12164,train
P05270,train
P12951,train
P01955,train
P03832,train
P05697,train
P08837,train
P11167,train
P01000,train
P04437,train
P08442,train
P13839,train
P15607,train
P02723,train
P10661,train
P05354,train
P15367,train
P13736,train
P19654,train
P15957,train
P00641,train
P12807,train
P18372,train
P12737,train
P08702,train
P07212,train
P19670,train
P11620,train
P10639,train
P13006,train
P13409,train
P18867,train
P02549,train
P02987,train
P14950,train
P10914,train
P01334,train
P05126,train
P13378,train
P17320,train
P07628,train
P00169,train
P17279,train
P12285,train
P13181,train
P11891,train
P09504,train
P18945,train
P09461,train
P19039,train
P08590,train
P15960,train
P04540,train
P14853,train
P12541,train
P02607,train
P03424,train
P16439,train
P11269,train
P00588,train
P02244,train
P12431,train
P15477,train
P15746,train
P14049,train
P12130,train
P05730,train
P09134,train
P18437,train
P18059,train
P05677,train
P07097,train
P09507,train
P02917,train
P04865,train
P06083,train
P04412,train
P09346,train
P05986,train
P17508,train
P08436,train
P09895,train
P14300,train
P05040,train
P13390,train
P04733,train
P17953,train
P09517,train
P07292,train
P15066,train
P16430,train
P06286,train
P11819,train
P13092,train
P09740,train
P09411,train
P09664,train
P03650,train
P04656,train
P10072,train
P14021,train
P00785,train
P19874,train
P15812,train
P18915,train
P03984,train
P17824,train
P04535,train
P16204,train
P13848,train
P00587,train
P08146,train
P13251,train
P05389,train
P03877,train
P00961,train
P02719,train
P04808,train
P00851,train
P09041,train
P01067,train
P02125,train
P13519,train
P17529,train
P17722,train
P14540,train
P07872,train
P15455,train
P01589,train
P08179,train
P13687,train
P12153,train
P12760,train
P09950,train
P12451,train
P14924,train
P13987,train
P11220,train
P03989,train
P16506,train
P17091,train
P14082,train
P13957,train
P07999,train
P19044,train
P03961,train
P11459,train
P19798,train
P02645,train
P03471,train
P07345,train
P16586,train
P08949,train
P18610,train
P17570,train
P08108,train
P09523,train
P01457,train
P00492,train
P12470,train
P02542,train
P18776,train
P03816,train
P06794,train
P19260,train
P04767,train
P19126,train
P04644,train
P11907,train
P10223,train
P11162,train
P16215,train
P06444,train
P12162,train
P19009,train
P04449,train
P16498,train
P11858,train
P14086,train
P09487,train
P01478,train
P06152,train
P06325,train
P07676,train
P01788,train
P10077,train
P06941,train
P11317,train
P18941,train
P18042,train
P16739,train
P01557,train
P12005,train
P17592,train
P12648,train
P09296,train
P10376,train
P17850,train
P09389,train
P03237,train
P00194,train
P07721,train
P16713,train
P18724,train
P06050,train
P13287,train
P09401,train
P00436,train
P19600,train
P15355,train
P05101,train
P09379,train
P15550,train
P18562,train
P03594,train
P02082,train
P05707,train
P04574,train
P07672,train
P14421,train
P02371,train
P10456,train
P15761,train
P14397,train
P04900,train
P10648,train
P09187,train
P09624,train
P17616,train
P18992,train
P14372,train
P15994,train
P19392,train
P13010,train
P15807,train
P10807,train
P08303,train
P13184,train
P19166,train
P02237,train
P18512,train
P07176,train
P00850,train
P17071,train
P16600,train
P12226,train
P00429,train
P12458,train
P02505,train
P09951,train
P03129,train
P12513,train
P15763,train
P15868,train
P11653,train
P02265,train
P14597,train
P17440,train
P04179,train
P10752,train
P13190,train
P17360,train
P17333,train
P05347,train
P07019,train
P18764,train
P01517,train
P01382,train
P13528,train
P08106,train
P12126,train
P16717,train
P10720,train
P13068,train
P11715,train
P13313,train
P01169,train
P13920,train
P08722,train
P02536,train
P19849,train
P05490,train
P05206,train
P06719,train
P09078,train
P12835,train
P01868,train
P18576,train
P13286,train
P10425,train
P04925,train
P06172,train
P19517,train
P14473,train
P13415,train
P07280,train
P00804,train
P09625,train
P19287,train
P13247,train
P17118,train
P09039,train
P07386,train
P00454,train
P19927,train
P05466,train
P12214,train
P07006,train
P03232,train
P10928,train
P18887,train
P05219,train
P11416,train
P17841,train
P03067,train
P02859,train
P10139,train
P16305,train
P16421,train
P13788,train
P17347,train
P08661,train
P11375,train
P15698,train
P01224,train
P02334,train
P18747,train
P00891,train
P01648,train
P07178,train
P03559,train
P15376,train
P11926,train
P10828,train
P03634,train
P13776,train
P18262,train
P05909,train
P10673,train
P02600,train
P07166,train
P09896,train
P18570,train
P03503,train
P11879,train
P00601,train
P07885,train
P00420,train
P06201,train
P15000,train
P09264,train
P16612,train
P19744,train
P06218,train
P16747,train
P14604,train
P11299,train
P07594,train
P14613,train
P02448,train
P12494,train
P05621,train
P09943,train
P15457,train
P19691,train
P14857,train
P10369,train
P09577,train
P05812,train
P18833,train
P03200,train
P04173,train
P18017,train
P07450,train
P16260,train
P19328,train
P00686,train
P05734,train
P19568,train
P15108,train
P16769,train
P10517,train
P11528,train
P10341,train
P06869,train
P03217,train
P03580,train
P07844,train
P17982,train
P06073,train
P03860,train
P08681,train
P07186,train
P05713,train
P10266,train
P19661,train
P01292,train
P03967,train
P02763,train
P03665,train
P14429,train
P08496,train
P18782,train
P02133,train
P05128,train
P09074,train
P09559,train
P10986,train
P14794,train
P06715,train
P15135,train
P12232,train
P02725,train
P19911,train
P04944,train
P03523,train
P01859,train
P03845,train
P11324,train
P09998,train
P12296,train
P02952,train
P12171,train
P17723,train
P05088,train
P02162,train
P00802,train
P19924,train
P17981,train
P10589,train
P10317,train
P12345,train
P16809,train
P02207,train
P08577,train
P01353,train
P06847,train
P05325,train
P06132,train
P19829,train
P04856,train
P19622,train
P08698,train
P16163,train
P12294,train
P03341,train
P17830,train
P04320,train
P05099,train
P03619,train
P18062,train
P17686,train
P13015,train
P01843,train
P09558,train
P02561,train
P05881,train
P18557,train
P08441,train
P12449,train
P00549,train
P04838,train
P16166,train
P01659,train
P17725,train
P10025,train
P00788,train
P02388,train
P01264,train
P07045,train
P01813,train
P06908,train
P12625,train
P01375,train
P17831,train
P04172,train
P05568,train
P06130,train
P13075,train
P04079,train
P14105,train
P15583,train
P04967,train
P05108,train
P15335,train
P07335,train
P03437,train
P19450,train
P06213,train
P16160,train
P10012,train
P05884,train
P14129,train
P00291,train
P07411,train
P01004,train
P06998,train
P03262,train
P06994,train
P16395,train
P09239,train
P10370,train
P11849,train
P16412,train
P05800,train
P01116,train
P12506,train
P09214,train
P16667,train
P11277,train
P14139,train
P07823,train
P05271,train
P04828,train
P03189,train
P09832,train
P03468,train
P13013,train
P14094,train
P06357,train
P16272,train
P12998,train
P18634,train
P06464,train
P00327,train
P01775,train
P07753,train
P10399,train
P07185,train
P10233,train
P03906,train
P02415,train
P12239,train
P14454,train
P03611,train
P16154,train
P14731,train
P10276,train
P17813,train
P16404,train
P15581,train
P14752,train
P13142,train
P13818,train
P16162,train
P05422,train
P00908,train
P14856,train
P12303,train
P06248,train
P03392,train
P17884,train
P11359,train
P02282,train
P19828,train
P13050,train
P05979,train
P19055,train
P09825,train
P04682,train
P12797,train
P04215,train
P17288,train
P00401,train
P15423,train
P15967,train
P09516,train
P00091,train
P04004,train
P12184,train
P01866,train
P17292,train
P13479,train
P16431,train
P07390,train
P06934,train
P09395,train
P17217,train
P09775,train
P10454,train
P13646,train
P03898,train
P07835,train
P01583,train
P06159,train
P11594,train
P10574,train
P16452,train
P04238,train
P15231,train
P07867,train
P19839,train
P14328,train
P10838,train
P12030,train
P08332,train
P16361,train
P05981,train
P10781,train
P08027,train
P17743,train
P14339,train
P00542,train
P03359,train
P10149,train
P11475,train
P16316,train
P03614,train
P18920,train
P18356,train
P19133,train
P09724,train
P07085,train
P14348,train
P00521,train
P13997,train
P08313,train
P10979,train
P12767,train
P08353,train
P01335,train
P01842,train
P06283,train
P00048,train
P02457,train
P02478,train
P00657,train
P13307,train
P15814,train
P08780,train
P07123,train
P19966,train
P15462,train
P10203,train
P02264,train
P17077,train
P03699,train
P05715,train
P08231,train
P14907,train
P04997,train
P04070,train
P19887,train
P17821,train
P02597,train
P01408,train
P19415,train
P05244,train
P01615,train
P17373,train
P15689,train
P06492,train
P06936,train
P18459,train
P07735,train
P12412,train
P06261,train
P15782,train
P08127,train
P10187,train
P14559,train
P12483,train
P04777,train
P08079,train
P07794,train
P03120,train
P09371,train
P09632,train
P07049,train
P00887,train
P02679,train
P13713,train
P19725,train
P14209,train
P04857,train
P06437,train
P17602,train
P17173,train
P11596,train
P08898,train
P06136,train
P19777,train
P06691,train
P00927,train
P02881,train
P13581,train
P18495,train
P03750,train
P18227,train
P05007,train
P04002,train
P18624,train
P08269,train
P11463,train
P04851,train
P16149,train
P12956,train
P13116,train
P06922,train
P15329,train
P13096,train
P17180,train
P18314,train
P14206,train
P10789,train
P01818,train
P07962,train
P10988,train
P00322,train
P18648,train
P13132,train
P11243,train
P13267,train
P06651,train
P06543,train
P17666,train
P02095,train
P05646,train
P02050,train
P02229,train
P13760,train
P05835,train
P05279,train
P15124,train
P11458,train
P10860,train
P02392,train
P07897,train
P14934,train
P00541,train
P09080,train
P16414,train
P18907,train
P19484,train
P03771,train
P01379,train
P06660,train
P14598,train
P05058,train
P00627,train
P19336,train
P12527,train
P01574,train
P01590,train
P10043,train
P11301,train
P13682,train
P06229,train
P15913,train
P02882,train
P11756,train
P02949,train
P15677,train
P18450,train
P07460,train
P12788,train
P11307,train
P03077,train
P10710,train
P13562,train
P16892,train
P13469,train
P07517,train
P18882,train
P05062,train
P07836,train
P14261,train
P15647,train
P02754,train
P15301,train
P01144,train
P13223,train
P12338,train
P12901,train
P05098,train
P17234,train
P14768,train
P04743,train
P01888,train
P03400,train
P19928,train
P02696,train
P08349,train
P15582,train
P03460,train
P08910,train
P07074,train
P00615,train
P14249,train
P12671,train
P03330,train
P19205,train
P18348,train
P04060,train
P04066,train
P12667,train
P13311,train
P05221,train
P09533,train
P12166,train
P08264,train
P17308,train
P03419,train
P08713,train
P16688,train
P14640,train
P00942,train
P17940,train
P08518,train
P07496,train
P01244,train
P01079,train
P06624,train
P17896,train
P00671,train
P16331,train
P15229,train
P00475,train
P18753,train
P09294,train
P04227,train
P15011,train
P01049,train
P05371,train
P09250,train
P03268,train
P13358,train
P02777,train
P18187,train
P14786,train
P09410,train
P15073,train
P01660,train
P17971,train
P00089,train
P03742,train
P19311,train
P00480,train
P14725,train
P09782,train
P14754,train
P10640,train
P17090,train
P14922,train
P11085,train
P01182,train
P12310,train
P10177,train
P16019,train
P03059,train
P10537,train
P12948,train
P05167,train
P07624,train
P10796,train
P17895,train
P00472,train
P15252,train
P14039,train
P09485,train
P19239,train
P05036,train
P15493,train
P17496,train
P18294,train
P17148,train
P09312,train
P03666,train
P13076,train
P05146,train
P16652,train
P08504,train
P19521,train
P10824,train
P04243,train
P11987,train
P07593,train
P12229,train
P01317,train
P11777,train
P16112,train
P07748,train
P03296,train
P11748,train
P15602,train
P13113,train
P11176,train
P03363,train
P01258,train
P15524,train
P01312,train
P02770,train
P05710,train
P07378,train
P16877,train
P07631,train
P14446,train
P03499,train
P18642,train
P19698,train
P03475,train
P00905,train
P10130,train
P00205,train
P01637,train
P07910,train
P04758,train
P03625,train
P02055,train
P11486,train
P09188,train
P14802,train
P03995,train
P12471,train
P14385,train
P00198,train
P13465,train
P17636,train
P15240,train
P10997,train
P11795,train
P08284,train
P11341,train
P02233,train
P00868,train
P11760,train
P03649,train
P05232,train
P00306,train
P11952,train
P08041,train
P07017,train
P03003,train
P16785,train
P06356,train
P06595,train
P01073,train
P06000,train
P07636,train
P01732,train
P14050,train
P16074,train
P19531,train
P01056,train
P04518,train
P13102,train
P11461,train
P08718,train
P05944,train
P05818,train
P12066,train
P16273,train
P01727,train
P13256,train
P15025,train
P08031,train
P07987,train
P17431,train
P16249,train
P02107,train
P12889,train
P16321,train
P11895,train
P06812,train
P12259,train
P13924,train
P08862,train
P17481,train
P07243,train
P10011,train
P01838,train
P15905,train
P11197,train
P16618,train
P17649,train
P02633,train
P09780,train
P05118,train
P15895,train
P07093,train
P06406,train
P11436,train
P17067,train
P05506,train
P19938,train
P02594,train
P06684,train
P07121,train
P06855,train
P01794,train
P15751,train
P08475,train
P02010,train
P09184,train
P13429,train
P19930,train
P05934,train
P12658,train
P08007,train
P00315,train
P13661,train
P02228,train
P03213,train
P11917,train
P01046,train
P15613,train
P03283,train
P00639,train
P06178,train
P00874,train
P03545,train
P06315,train
P02984,train
P05942,train
P08424,train
P15713,train
P15824,train
P13732,train
P01058,train
P18463,train
P11237,train
P08675,train
P09945,train
P14560,train
P09909,train
P15481,train
P01167,train
P08225,train
P15419,train
P02792,train
P02331,train
P01025,train
P00533,train
P12477,train
P10922,train
P03511,train
P07353,train
P17345,train
P11193,train
P14618,train
P12863,train
P03195,train
P16392,train
P18752,train
P05929,train
P11130,train
P06170,train
P00944,train
P17693,train
P09579,train
P17819,train
P02715,train
P06930,train
P08764,train
P14233,train
P15365,train
P17055,train
P17391,train
P00717,train
P10274,train
P10798,train
P03538,train
P16964,train
P00042,train
P16199,train
P18948,train
P19738,train
P04476,train
P10929,train
P10683,train
P10083,train
P13942,train
P00279,train
P17787,train
P11688,train
P17268,train
P02526,train
P13823,train
P13480,train
P00757,train
P01122,train
P11171,train
P05605,train
P11578,train
P13671,train
P04411,train
P15645,train
P18231,train
P11710,train
P01710,train
P08009,train
P08564,train
P14195,train
P07256,train
P07657,train
P14928,train
P07472,train
P00954,train
P10901,train
P07959,train
P02267,train
P10805,train
P13949,train
P18116,train
P03409,train
P14165,train
P19362,train
P19536,train
P04634,train
P18817,train
P09501,train
P13202,train
P15771,train
P13510,train
P01552,train
P05145,train
P10877,train
P18896,train
P11873,train
P03393,train
P08733,train
P11071,train
P18222,train
P19372,train
P01485,train
P16973,train
P13961,train
P09949,train
P05947,train
P16353,train
P08283,train
P11446,train
P15664,train
P00142,train
P05827,train
P06781,train
P15129,train
P08477,train
P08800,train
P05386,train
P02509,train
P01267,train
P06729,train
P12040,train
P11133,train
P12411,train
P14641,train
P07669,train
P13167,train
P12881,train
P09341,train
P13683,train
P19218,train
P11282,train
P00640,train
P16487,train
P07392,train
P17726,train
P02234,train
P09599,train
P16991,train
P05549,train
P06518,train
P11684,train
P03444,train
P17668,train
P00081,train
P03231,train
P16184,train
P04450,train
P04318,train
P02091,train
P15832,train
P11611,train
P04322,train
P16555,train
P05400,train
P02716,train
P00921,train
P12801,train
P17483,train
P09546,train
P07167,train
P01587,train
P16744,train
P04581,train
P01610,train
P11933,train
P19251,train
P01602,train
P14519,train
P09311,train
P05234,train
P10168,train
P02769,train
P15299,train
P00426,train
P04689,train
P03464,train
P13073,train
P15435,train
P08878,train
P04096,train
P03442,train
P12182,train
P18848,train
P13112,train
P08156,train
P04236,train
P11246,train
P03272,train
P12502,train
P14747,train
P07912,train
P10958,train
P13327,train
P05873,train
P09947,train
P13346,train
P06856,train
P17579,train
P14453,train
P19220,train
P07469,train
P17480,train
P04864,train
P13331,train
P13340,train
P16489,train
P04498,train
P06041,train
P12374,train
P17172,train
P13730,train
P17159,train
P17298,train
P15030,train
P05634,train
P03695,train
P09717,train
P15082,train
P11017,train
P10450,train
P07754,train
P02813,train
P15188,train
P02480,train
P08057,train
P19173,train
P09204,train
P16075,train
P08623,train
P06562,train
P15570,train
P00929,train
P17540,train
P12840,train
P16884,train
P17690,train
P13147,train
P03356,train
P09268,train
P14406,train
P17548,train
P03314,train
P19384,train
P04577,train
P05769,train
P15366,train
P12320,train
P13478,train
P02729,train
P10802,train
P00200,train
P07268,train
P06580,train
P06727,train
P08153,train
P18983,train
P10026,train
P12697,train
P12897,train
P19681,train
P11394,train
P08386,train
P03055,train
P03723,train
P03838,train
P17685,train
P13122,train
P08613,train
P07395,train
P06970,train
P09841,train
P02771,train
P04565,train
P01851,train
P16080,train
P15245,train
P06853,train
P13426,train
P06126,train
P03979,train
P02101,train
P09621,train
P14546,train
P08050,train
P06981,train
P16741,train
P17605,train
P19361,train
P18997,train
P03428,train
P05655,train
P02256,train
P19320,train
P03313,train
P08070,train
P07978,train
P01514,train
P08728,train
P05819,train
P10442,train
P10189,train
P18720,train
P05622,train
P06760,train
P10070,train
P19745,train
P15601,train
P01022,train
P00201,train
P04654,train
P03177,train
P17277,train
P02623,train
P14803,train
P06512,train
P08458,train
P01118,train
P02863,train
P02785,train
P00767,train
P16615,train
P04021,train
P16463,train
P03813,train
P07645,train
P11636,train
P05514,train
P09309,train
P15205,train
P02139,train
P12088,train
P06593,train
P00547,train
P08408,train
P08991,train
P19649,train
P15989,train
P11032,train
P14720,train
P16138,train
P12433,train
P04558,train
P17331,train
P09350,train
P00474,train
P14525,train
P04233,train
P06020,train
P05539,train
P16137,train
P15300,train
P03791,train
P14855,train
P10757,train
P03420,train
P02144,train
P14688,train
P11539,train
P13460,train
P12717,train
P07739,train
P12626,train
P06591,train
P14229,train
P05941,train
P15955,train
P12859,train
P14162,train
P19847,train
P05875,train
P17888,train
P09897,train
P03260,train
P04054,train
P12094,train
P05745,train
P06224,train
P07741,train
P02286,train
P19453,train
P17754,train
P13660,train
P08900,train
P19267,train
P07326,train
P08879,train
P09458,train
P03809,train
P19795,train
P11916,train
P17836,train
P11920,train
P11511,train
P06783,train
P01941,train
P06196,train
P18080,train
P16651,train
P16060,train
P15145,train
P00914,train
P00047,train
P03136,train
P01050,train
P18935,train
P10042,train
P03102,train
P08885,train
P03270,train
P06654,train
P19132,train
P04881,train
P18844,train
P16468,train
P10931,train
P11287,train
P01638,train
P03784,train
P14131,train
P17733,train
P11829,train
P05654,train
P11521,train
P04639,train
P17364,train
P09692,train
P18910,train
P02276,train
P04192,train
P12269,train
P19019,train
P13916,train
P10114,train
P09155,train
P15737,train
P05355,train
P00152,train
P04421,train
P06577,train
P09924,train
P07689,train
P01619,train
P10135,train
P11914,train
P00485,train
P05920,train
P15099,train
P17840,train
P06566,train
P19980,train
P02680,train
P17695,train
P18146,train
P14832,train
P18050,train
P05767,train
P15638,train
P00551,train
P17272,train
P00904,train
P18500,train
P10353,train
P01016,train
P13868,train
P09618,train
P07853,train
P18185,train
P09477,train
P10714,train
P15858,train
P18560,train
P02446,train
P00025,train
P07888,train
P05738,train
P00978,train
P05136,train
P03958,train
P13321,train
P15020,train
P11270,train
P02720,train
P02694,train
P05907,train
P07509,train
P05044,train
P09079,train
P13216,train
P17107,train
P01203,train
P14830,train
P05223,train
P04344,train
P18656,train
P12255,train
P04001,train
P02159,train
P04046,train
P08543,train
P13255,train
P00299,train
P17163,train
P12838,train
P04053,train
P17914,train
P13849,train
P07224,train
P01091,train
P13996,train
P08838,train
P16761,train
P10316,train
P17497,train
P08348,train
P06497,train
P05233,train
P04859,train
P13369,train
P09186,train
P10871,train
P03402,train
P00832,train
P08355,train
P13265,train
P16375,train
P15182,train
P03798,train
P08098,train
P08559,train
P00548,train
P05294,train
P19381,train
P11861,train
P16128,train
P04522,train
P18145,train
P09684,train
P19240,train
P00806,train
P07633,train
P01459,train
P00730,train
P19559,train
P19953,train
P04283,train
P16594,train
P05711,train
P11678,train
P06042,train
P02712,train
P19342,train
P01199,train
P19207,train
P17533,train
P01225,train
P11134,train
P05932,train
P10562,train
P03943,train
P02114,train
P02475,train
P07716,train
P15210,train
P07538,train
P05287,train
P04546,train
P09975,train
P03708,train
P12707,train
P06415,train
P15007,train
P00658,train
P11827,train
P02632,train
P10856,train
P17157,train
P00055,train
P15055,train
P00432,train
P18554,train
P13176,train
P02756,train
P03582,train
P12824,train
P04641,train
P14081,train
P07562,train
P03756,train
P08818,train
P04541,train
P01910,train
P18149,train
P06370,train
P13947,train
P17388,train
P14748,train
P08148,train
P12763,train
P14715,train
P18036,train
P15514,train
P14944,train
P02033,train
P16565,train
P05868,train
P00842,train
P02789,train
P01696,train
P08961,train
P15614,train
P05793,train
P17729,train
P19323,train
P17793,train
P04955,train
P00680,train
P19180,train
P00369,train
P16563,train
P12301,train
P00378,train
P01504,train
P00491,train
P06683,train
P07075,train
P17710,train
P19005,train
P06782,train
P01257,train
P03001,train
P05917,train
P17003,train
P09892,train
P03261,train
P14369,train
P13643,train
P06740,train
P09259,train
P04867,train
P17983,train
P09467,train
P06777,train
P04009,train
P05712,train
P03062,train
P01458,train
P01721,train
P13869,train
P01830,train
P00948,train
P08044,train
P00598,train
P13975,train
P02357,train
P03920,train
P14800,train
P06619,train
P05513,train
P04012,train
P14637,train
P10956,train
P16445,train
P00871,train
P11173,train
P06268,train
P00616,train
P12485,train
P18482,train
P15923,train
P05328,train
P15449,train
P07648,train
P00115,train
P16170,train
P15193,train
P11798,train
P17891,train
P12104,train
P08932,train
P06567,train
P10730,train
P17495,train
P02403,train
P03810,train
P17432,train
P19379,train
P11212,train
P07198,train
P18763,train
P06112,train
P15828,train
P14839,train
P04188,train
P18225,train
P12160,train
P03773,train
P00563,train
P06177,train
P12712,train
P19091,train
P15511,train
P11812,train
P05608,train
P06637,train
P11441,train
P14104,train
P18617,train
P19596,train
P01751,train
P08924,train
P07559,train
P11233,train
P03375,train
P17564,train
P13601,train
P18898,train
P15251,train
P12260,train
P15441,train
P18346,train
P01540,train
P17488,train
P14644,train
P02336,train
P19307,train
P19477,train
P00778,train
P10051,train
P09956,train
P09694,train
P19794,train
P13844,train
P09035,train
P10813,train
P08901,train
P14820,train
P01919,train
P08453,train
P00232,train
P00141,train
P00238,train
P10477,train
P11532,train
P13637,train
P03749,train
P10090,train
P14099,train
P07518,train
P12537,train
P05350,train
P08596,train
P02192,train
P09207,train
P11627,train
P08939,train
P10411,train
P19013,train
P10610,train
P16312,train
P16124,train
P01159,train
P17780,train
P18473,train
P19625,train
P19243,train
P03992,train
P02595,train
P09619,train
P04039,train
P10145,train
P05847,train
P01679,train
P12718,train
P17062,train
P08660,train
P03208,train
P13883,train
P09805,train
P14876,train
P12346,train
P04349,train
P16653,train
P18043,train
P04110,train
P05541,train
P03274,train
P00455,train
P17165,train
P02727,train
P13410,train
P10039,train
P08513,train
P09344,train
P10350,train
P05436,train
P00939,train
P14693,train
P07305,train
P19563,train
P19602,train
P14396,train
P12423,train
P18937,train
P16983,train
P08405,train
P18239,train
P10079,train
P05359,train
P11875,train
P08599,train
P03147,train
P19073,train
P14851,train
P10669,train
P10110,train
P02905,train
P10987,train
P11264,train
P09544,train
P09436,train
P19208,train
P05202,train
P16253,train
P10183,train
P15838,train
P06648,train
P10382,train
P13524,train
P17377,train
P04055,train
P03210,train
P15635,train
P07439,train
P01035,train
P07554,train
P00670,train
P19730,train
P17816,train
P08549,train
P14988,train
P19354,train
P10100,train
P01070,train
P02836,train
P00295,train
P08291,train
P02708,train
P00632,train
P05546,train
P14411,train
P13082,train
P06067,train
P07511,train
P04916,train
P10628,train
P17178,train
P07698,train
P08831,train
P10322,train
P14724,train
P07621,train
P18710,train
P02982,train
P19365,train
P02687,train
P12474,train
P12615,train
P13988,train
P01730,train
P10073,train
P04623,train
P19667,train
P06418,train
P19332,train
P03681,train
P09191,train
P02876,train
P19549,train
P05680,train
P13155,train
P05081,train
P07586,train
P17400,train
P00213,train
P06985,train
P03099,train
P04069,train
P05092,train
P06608,train
P07223,train
P16370,train
P02157,train
P03194,train
P18877,train
P07847,train
P14062,train
P06125,train
P02946,train
P01162,train
P10180,train
P14930,train
P08163,train
P05781,train
P05723,train
P12922,train
P00701,train
P08251,train
P07620,train
P11389,train
P01560,train
P16188,train
P06732,train
P04186,train
P03807,train
P00544,train
P07941,train
P18207,train
P03686,train
P18364,train
P11576,train
P08357,train
P19860,train
P17766,train
P03988,train
P15930,train
P15686,train
P00435,train
P05879,train
P09567,train
P19345,train
P02041,train
P00375,train
P11953,train
P10049,train
P06163,train
P00633,train
P19488,train
P15851,train
P10592,train
P00718,train
P04888,train
P03299,train
P03258,train
P08330,train
P15972,train
P05758,train
P09229,train
P07632,train
P14577,train
P02586,train
P17447,train
P15243,train
P04968,train
P17194,train
P19656,train
P11490,train
P14868,train
P16921,train
P04954,train
P05252,train
P10904,train
P17336,train
P01716,train
P18441,train
P14096,train
P15207,train
P18583,train
P19816,train
P07059,train
P19941,train
P14340,train
P00466,train
P08117,train
P08306,train
P01387,train
P16104,train
P15801,train
P01521,train
P09699,train
P05898,train
P17543,train
P08872,train
P13411,train
P02812,train
P03673,train
P07494,train
P04362,train
P15288,train
P18608,train
P14276,train
P09293,train
P00945,train
P13290,train
P14075,train
P15833,train
P06401,train
P17374,train
P06022,train
P03407,train
P13282,train
P05755,train
P13259,train
P08836,train
P13725,train
P04088,train
P07521,train
P12993,train
P08331,train
P10435,train
P01274,train
P19982,train
P04608,train
P19899,train
P13767,train
P10991,train
P05087,train
P02892,train
P00852,train
P07124,train
P17200,train
P03481,train
P19038,train
P17245,train
P03747,train
P01760,train
P03764,train
P16155,train
P04433,train
P05429,train
P15026,train
P12434,train
P15293,train
P01509,train
P04247,train
P09812,train
P13061,train
P12003,train
P10010,train
P14681,train
P16243,train
P00236,train
P05927,train
P19049,train
P04908,train
P07891,train
P00763,train
P11610,train
P16482,train
P13098,train
P12295,train
P16061,train
P15216,train
P16550,train
P02128,train
P17247,train
P15918,train
P04745,train
P08923,train
P14366,train
P09833,train
P17398,train
P12691,train
P07627,train
P12128,train
P17591,train
P02290,train
P07408,train
P10045,train
P09449,train
P02615,train
P05928,train
P19292,train
P17352,train
P06478,train
P13069,train
P05377,train
P13408,train
P01715,train
P02737,train
P12500,train
P00310,train
P18592,train
P12700,train
P03317,train
P14445,train
P07311,train
P07818,train
P05919,train
P08890,train
P06260,train
P12139,train
P18401,train
P17089,train
P01726,train
P12646,train
P10308,train
P08642,train
P08989,train
P08772,train
P16497,train
P09329,train
P04310,train
P19976,train
P04178,train
P19184,train
P02957,train
P06940,train
P12964,train
P07294,train
P14053,train
P02059,train
P14388,train
P12655,train
P04585,train
P04114,train
P03689,train
P14022,train
P12898,train
P16398,train
P01577,train
P09027,train
P04129,train
P09777,train
P14203,train
P12619,train
P06343,train
P19832,train
P12845,train
P15248,train
P15760,train
P04813,train
P05278,train
P05043,train
P15459,train
P16908,train
P05297,train
P16709,train
P14974,train
P09291,train
P12052,train
P09224,train
P09765,train
P18531,train
P16131,train
P11286,train
P12190,train
P14200,train
P04284,train
P06235,train
P08430,train
P06412,train
P10510,train
P04710,train
P03715,train
P15287,train
P00087,train
P11295,train
P09716,train
P02803,train
P19148,train
P03229,train
P12271,train
P00108,train
P13017,train
P07664,train
P12727,train
P09939,train
P02470,train
P07483,train
P10030,train
P09223,train
P16749,train
P06820,train
P01270,train
P08160,train
P00143,train
P11985,train
P14780,train
P16357,train
P09821,train
P15053,train
P03952,train
P04416,train
P09730,train
P06328,train
P14217,train
P16499,train
P06029,train
P03361,train
P17239,train
P04672,train
P09557,train
P09563,train
P06127,train
P04230,train
P04286,train
P12278,train
P01200,train
P15019,train
P13186,train
P04923,train
P00972,train
P18022,train
P16175,train
P01166,train
P11652,train
P14341,train
P05742,train
P16885,train
P02825,train
P13180,train
P15840,train
P04108,train
P07582,train
P12584,train
P00177,train
P12363,train
P14753,train
P00395,train
P06622,train
P02654,train
P15179,train
P02471,train
P00892,train
P14410,train
P17870,train
P15572,train
P10457,train
P19263,train
P02044,train
P04821,train
P17908,train
P04940,train
P05685,train
P17938,train
P01213,train
P06521,train
P10105,train
P14172,train
P09486,train
P04309,train
P16738,train
P00470,train
P05100,train
P12495,train
P08948,train
P03364,train
P08730,train
P16718,train
P19253,train
P04145,train
P19254,train
P06718,train
P02820,train
P10971,train
P05361,train
P16066,train
P06755,train
P16762,train
P04786,train
P03874,train
P14956,train
P16831,train
P11612,train
P04619,train
P18569,train
P17663,train
P10973,train
P02123,train
P09446,train
P05415,train
P04011,train
P13837,train
P04314,train
P11543,train
P10893,train
P12761,train
P14380,train
P14826,train
P08167,train
P06687,train
P14392,train
P09693,train
P12318,train
P13457,train
P16696,train
P08954,train
P11989,train
P02968,train
P09109,train
P12796,train
P14844,train
P13935,train
P11502,train
P07880,train
P02206,train
P10998,train
P06761,train
P00974,train
P14814,train
P10839,train
P10760,train
P11752,train
P16180,train
P17302,train
P12217,train
P13663,train
P18031,train
P01031,train
P08164,train
P14997,train
P03408,train
P15560,train
P19364,train
P19808,train
P08519,train
P05675,train
P13539,train
P19825,train
P01297,train
P09505,train
P12798,train
P14458,train
P14785,train
P02370,train
P14871,train
P17877,train
P03474,train
P10875,train
P05756,train
P15909,train
P05579,train
P04555,train
P07590,train
P10970,train
P03827,train
P09066,train
P06369,train
P18433,train
P03310,train
P14687,train
P07677,train
P15817,train
P12724,train
P16150,train
P03551,train
P06674,train
P00239,train
P01108,train
P00438,train
P04537,train
P03518,train
P05637,train
P00970,train
P02121,train
P14554,train
P05204,train
P08073,train
P01117,train
P00077,train
P01450,train
P16205,train
P13606,train
P14704,train
P06453,train
P13347,train
P13722,train
P19641,train
P17740,train
P07622,train
P07260,train
P14766,train
P11771,train
P09127,train
P01882,train
P14867,train
P08706,train
P15316,train
P10908,train
P19845,train
P04207,train
P14121,train
P17476,train
P05292,train
P09817,train
P05573,train
P15699,train
P16748,train
P19227,train
P16813,train
P13573,train
P00844,train
P13175,train
P08077,train
P08233,train
P17502,train
P10462,train
P00298,train
P12925,train
P13209,train
P12312,train
P05526,train
P00422,train
P06826,train
P13414,train
P10331,train
P07767,train
P04774,train
P01748,train
P06612,train
P06344,train
P13772,train
P13004,train
P07204,train
P04959,train
P18535,train
P09282,train
P15772,train
P12818,train
P05254,train
P02258,train
P13165,train
P08620,train
P01344,train
P05054,train
P09566,train
P17562,train
P14434,train
P05162,train
P05809,train
P10770,train
P16958,train
P01952,train
P11772,train
P07527,train
P04059,train
P10749,train
P05739,train
P07484,train
P12336,train
P17950,train
P15472,train
P12806,train
P05010,train
P04301,train
P10386,train
P00148,train
P02532,train
P03215,train
P08562,train
P19439,train
P08456,train
P08822,train
P00212,train
P19097,train
P16637,train
P03113,train
P13243,train
P17092,train
P00441,train
P09591,train
P11210,train
P00241,train
P18029,train
P01215,train
P01042,train
P08669,train
P02958,train
P19758,train
P17230,train
P08333,train
P07035,train
P08571,train
P16351,train
P14030,train
P09172,train
P00076,train
P05311,train
P02202,train
P06330,train
P07088,train
P07708,train
P19212,train
P10784,train
P02435,train
P01657,train
P18204,train
P06713,train
P10438,train
P07201,train
P04160,train
P05042,train
P11182,train
P10311,train
P11455,train
P06118,train
P15238,train
P01549,train
P13486,train
P01792,train
P09859,train
P18903,train
P15107,train
P04699,train
P00039,train
P06680,train
P00530,train
P12654,train
P09276,train
P08552,train
P14477,train
P02899,train
P08468,train
P16896,train
P14322,train
P02733,train
P17244,train
P04335,train
P17470,train
P14006,train
P12218,train
P17192,train
P11496,train
P16130,train
P12851,train
P02668,train
P03818,train
P05877,train
P00175,train
P14850,train
P11121,train
P03668,train
P09010,train
P15330,train
P19550,train
P19063,train
P01261,train
P09656,train
P10310,train
P19897,train
P14508,train
P05251,train
P13750,train
P07187,train
P00749,train
P03977,train
P03581,train
P18048,train
P15098,train
P14621,train
P05796,train
P06928,train
P14413,train
P19620,train
P06193,train
P17987,train
P03084,train
P13738,train
P14255,train
P12343,train
P18666,train
P09954,train
P08739,train
P13226,train
P00050,train
P08131,train
P07471,train
P00685,train
P05150,train
P03548,train
P14164,train
P08920,train
P00648,train
P02106,train
P13970,train
P03233,train
P03141,train
P08650,train
P05701,train
P03247,train
P11647,train
P00519,train
P03180,train
P07180,train
P10237,train
P11682,train
P10236,train
P18738,train
P10273,train
P07986,train
P05272,train
P10942,train
P04048,train
P11023,train
P05052,train
P19800,train
P01304,train
P18830,train
P10832,train
P08598,train
P00672,train
P03492,train
P07700,train
P05114,train
P10283,train
P18579,train
P01054,train
P02591,train
P05247,train
P12574,train
P08845,train
P14101,train
P18622,train
P15694,train
P05933,train
P03390,train
P08406,train
P18822,train
P03823,train
P11207,train
P14728,train
P09807,train
P02971,train
P19237,train
P17312,train
P01250,train
P16665,train
P17415,train
P01573,train
P05528,train
P05097,train
P08761,train
P14528,train
P15390,train
P16632,train
P07466,train
P19422,train
P11151,train
P04330,train
P02089,train
P15132,train
P01975,train
P12097,train
P11759,train
P09096,train
P02099,train
P01405,train
P07876,train
P17550,train
P08058,train
P01953,train
P09189,train
P03307,train
P02672,train
P04566,train
P02821,train
P02942,train
P14489,train
P19247,train
P08092,train
P06650,train
P18101,train
P18578,train
P09709,train
P18534,train
P18695,train
P09200,train
P14955,train
P11283,train
P18107,train
P00181,train
P08215,train
P10792,train
P03693,train
P09020,train
P08970,train
P07325,train
P02140,train
P13608,train
P12888,train
P16538,train
P00607,train
P04308,train
P10423,train
P18837,train
P14685,train
P13088,train
P04429,train
P03907,train
P12268,train
P09221,train
P02741,train
P06964,train
P12787,train
P16152,train
P09743,train
P18071,train
P18874,train
P11327,train
P02641,train
P00545,train
P01786,train
P02743,train
P14088,train
P13315,train
P09209,train
P13553,train
P18240,train
P05545,train
P06882,train
P08343,train
P09059,train
P18338,train
P01632,train
P07480,train
P02425,train
P18869,train
P00292,train
P11466,train
P17479,train
P02483,train
P15483,train
P12992,train
P01588,train
P11188,train
P08265,train
P18371,train
P18802,train
P03425,train
P19492,train
P09893,train
P08274,train
P04493,train
P06233,train
P02897,train
P09553,train
P04268,train
P12046,train
P16229,train
P09670,train
P02211,train
P04799,train
P07841,train
P10978,train
P00421,train
P14863,train
P05237,train
P15201,train
P15863,train
P06547,train
P10116,train
P16782,train
P15220,train
P00846,train
P15090,train
P15939,train
P00837,train
P11284,train
P06784,train
P02685,train
P03824,train
P15673,train
P14227,train
P19030,train
P13163,train
P13787,train
P09952,train
P05184,train
P06602,train
P01363,train
P04891,train
P06128,train
P14612,train
P02032,train
P03350,train
P11086,train
P18024,train
P08478,train
P03510,train
P01302,train
P16462,train
P14342,train
P10867,train
P07709,train
P02515,train
P18169,train
P06028,train
P03848,train
P10262,train
P16109,train
P09751,train
P09473,train
P17775,train
P16419,train
P10500,train
P15922,train
P16435,train
P11168,train
P02337,train
P09185,train
P11702,train
P04987,train
P05695,train
P13332,train
P16296,train
P15928,train
P09373,train
P09026,train
P19728,train
P16381,train
P19182,train
P17866,train
P16881,train
P08626,train
P15204,train
P04616,train
P02456,train
P06589,train
P09697,train
P09705,train
P07900,train
P17186,train
P01468,train
P05706,train
P12965,train
P11039,train
P08867,train
P01455,train
P02013,train
P05185,train
P06858,train
P12740,train
P06424,train
P10883,train
P01733,train
P17407,train
P14665,train
P04527,train
P06984,train
P04809,train
P10659,train
P12307,train
P07043,train
P11595,train
P18078,train
P07974,train
P07556,train
P07096,train
P03873,train
P11305,train
P17444,train
P15687,train
P17544,train
P06723,train
P02009,train
P03512,train
P06592,train
P14444,train
P03306,train
P09302,train
P09900,train
P13049,train
P10604,train
P18105,train
P02174,train
P16079,train
P14498,train
P02261,train
P16306,train
P00404,train
P13047,train
P11971,train
P09064,train
P02303,train
P12961,train
P09609,train
P11817,train
P14999,train
P07354,train
P19414,train
P09167,train
P01764,train
P11634,train
P05485,train
P16334,train
P03763,train
P15315,train
P18272,train
P14048,train
P18336,train
P06414,train
P07696,train
P10902,train
P00114,train
P12472,train
P04231,train
P19776,train
P17977,train
P15499,train
P16293,train
P04491,train
P18305,train
P05125,train
P03378,train
P07422,train
P01837,train
P14791,train
P12505,train
P01494,train
P19115,train
P13595,train
P00779,train
P00065,train
P11848,train
P17925,train
P04605,train
P09340,train
P05688,train
P13288,train
P00736,train
P02406,train
P14989,train
P09667,train
P13097,train
P11268,train
P18152,train
P05609,train
P10357,train
P10826,train
P07994,train
P12642,train
P12041,train
P04109,train
P09575,train
P16018,train
P02248,train
P01915,train
P14695,train
P08111,train
P17509,train
P16230,train
P04384,train
P12978,train
P13516,train
P08166,train
P05302,train
P12651,train
P16252,train
P11487,train
P19191,train
P18789,train
P18209,train
P13698,train
P02434,train
P02547,train
P18379,train
P09150,train
P08193,train
P15588,train
P19586,train
P15281,train
P04737,train
P12699,train
P10351,train
P05768,train
P03248,train
P02960,train
P08636,train
P04688,train
P09377,train
P19434,train
P19451,train
P06459,train
P13590,train
P11663,train
P11059,train
P16031,train
P18580,train
P00674,train
P10470,train
P10554,train
P16681,train
P18382,train
P19665,train
P08112,train
P10555,train
P16989,train
P05741,train
P04036,train
P05857,train
P14993,train
P12109,train
P06854,train
P17411,train
P14490,train
P08113,train
P05322,train
P18455,train
P04224,train
P13518,train
P02540,train
P10297,train
P07086,train
P19352,train
P15783,train
P03429,train
P11185,train
P15087,train
P00867,train
P14650,train
P11537,train
P00517,train
P06645,train
P03188,train
P05398,train
P06739,train
P00673,train
P06586,train
P09666,train
P05660,train
P00229,train
P04495,train
P07671,train
P10398,train
P13589,train
P14495,train
P18681,train
P09615,train
P15004,train
P00992,train
P09960,train
P07871,train
P11938,train
P11063,train
P12410,train
P03065,train
P07247,train
P05854,train
P09849,train
P09042,train
P14718,train
P05274,train
P11662,train
P11650,train
P10723,train
P14156,train
P05717,train
P16650,train
P03434,train
P01950,train
P15857,train
P04360,train
P02016,train
P10809,train
P00728,train
P11765,train
P00595,train
P18277,train
P05066,train
P14938,train
P11541,train
P17455,train
P18168,train
P00249,train
P06900,train
P06762,train
P04926,train
P17762,train
P08749,train
P12828,train
P14352,train
P11241,train
P18487,train
P08142,train
P08856,train
P06895,train
P12683,train
P05338,train
P14615,train
P11856,train
P05615,train
P08472,train
P13170,train
P15732,train
P19951,train
P18864,train
P09942,train
P03207,train
P05273,train
P06688,train
P03146,train
P08803,train
P07832,train
P03143,train
P13490,train
P07339,train
P14474,train
P18159,train
P17394,train
P08378,train
P14951,train
P07314,train
P05037,train
P00211,train
P06804,train
P08246,train
P13131,train
P01428,train
P19394,train
P03962,train
P17929,train
P02285,train
P06494,train
P17732,train
P13697,train
P16451,train
P13828,train
P19640,train
P00431,train
P06182,train
P00188,train
P06300,train
P03205,train
P03718,train
P03726,train
P09658,train
P16343,train
P04612,train
P07798,train
P15899,train
P11950,train
P06653,train
P07691,train
P04994,train
P19807,train
P04660,train
P10220,train
P11621,train
P10514,train
P07610,train
P18413,train
P08033,train
P01656,train
P16970,train
P12099,train
P17429,train
P04831,train
P19387,train
P16447,train
P03416,train
P03284,train
P10023,train
P11692,train
P09479,train
P17980,train
P07550,train
P04168,train
P15286,train
P05050,train
P14648,train
P17735,train
P08810,train
P08235,train
P14847,train
P02086,train
P18567,train
P12579,train
P08694,train
P00497,train
P08771,train
P04703,train
P10417,train
P05538,train
P14870,train
P08327,train
P01227,train
P00159,train
P03572,train
P13665,train
P09877,train
P09741,train
P14620,train
P16389,train
P18591,train
P05871,train
P09512,train
P16895,train
P16266,train
P03486,train
P10162,train
P18846,train
P12326,train
P14194,train
P16577,train
P16812,train
P16979,train
P07641,train
P10984,train
P01011,train
P02563,train
P12133,train
P07182,train
P11939,train
P05953,train
P13745,train
P00068,train
P13182,train
P08307,train
P07743,train
P11545,train
P06111,train
P14447,train
P07489,train
P04041,train
P18604,train
P15389,train
P08085,train
P11918,train
P19225,train
P13207,train
P06058,train
P11970,train
P14258,train
P16608,train
P05191,train
P05095,train
P05438,train
P17532,train
P11036,train
P18369,train
P14605,train
P07023,train
P03576,train
P00220,train
P00304,train
P11739,train
P18089,train
P05943,train
P12656,train
P18189,train
P08592,train
P13018,train
P19313,train
P14265,train
P09502,train
P02997,train
P11392,train
P17911,train
P18880,train
P01411,train
P06097,train
P09522,train
P10174,train
P16481,train
P14295,train
P15476,train
P05658,train
P14828,train
P09082,train
P09535,train
P09506,train
P08619,train
P10701,train
P12614,train
P08527,train
P16541,train
P09404,train
P18156,train
P19865,train
P09044,train
P13151,train
P11043,train
P02666,train
P07101,train
P11975,train
P16387,train
P17467,train
P15370,train
P17384,train
P15753,train
P07934,train
P00366,train
P16777,train
P04963,train
P09791,train
P05791,train
P06493,train
P11390,train
P03780,train
P17273,train
P14439,train
P10201,train
P11089,train
P12915,train
P03674,train
P10743,train
P07237,train
P11909,train
P04131,train
P11807,train
P18739,train
P05313,train
P19510,train
P10119,train
P09869,train
P10259,train
P08799,train
P12779,train
P07742,train
P06012,train
P03730,train
P02571,train
P14484,train
P16172,train
P13337,train
P04369,train
P04022,train
P08812,train
P12118,train
P12141,train
P02212,train
P01231,train
P04051,train
P08509,train
P04787,train
P07768,train
P00297,train
P11014,train
P10745,train
P01347,train
P04443,train
P19104,train
P11977,train
P11633,train
P18732,train
P00037,train
P07275,train
P19122,train
P16971,train
P00909,train
P04256,train
P19537,train
P15534,train
P17472,train
P12926,train
P04724,train
P05229,train
P04909,train
P04197,train
P14023,train
P17788,train
P02806,train
P09151,train
P10120,train
P07869,train
P15497,train
P17213,train
P04434,train
P09691,train
P10343,train
P17583,train
P09384,train
P11469,train
P10808,train
P01738,train
P15864,train
P11179,train
P16319,train
P18321,train
P05170,train
P19672,train
P19615,train
P12556,train
P18631,train
P00151,train
P00556,train
P09809,train
P05260,train
P14213,train
P04297,train
P12325,train
P09146,train
P04596,train
P10857,train
P05365,train
P18384,train
P15503,train
P05747,train
P19079,train
P05729,train
P10772,train
P16601,train
P03883,train
P19452,train
P14601,train
P09790,train
P14742,train
P15340,train
P00093,train
P03710,train
P19269,train
P07933,train
P11323,train
P10118,train
P13826,train
P05235,train
P12230,train
P09472,train
P13144,train
P16053,train
P15567,train
P01845,train
P06347,train
P10571,train
P09360,train
P13502,train
P04217,train
P14496,train
P05830,train
P06470,train
P18659,train
P06712,train
P10188,train
P07063,train
P15610,train
P04359,train
P10443,train
P14374,train
P10668,train
P06599,train
P06837,train
P05478,train
P10600,train
P18845,train
P10032,train
P17538,train
P06866,train
P10597,train
P08581,train
P01151,train
P17995,train
P06015,train
P14530,train
P04339,train
P14356,train
P13363,train
P04258,train
P01629,train
P16906,train
P07759,train
P03255,train
P19252,train
P17270,train
P02554,train
P01571,train
P08820,train
P02389,train
P01427,train
P01154,train
P16453,train
P16340,train
P04399,train
P03386,train
P03601,train
P19525,train
P10125,train
P04425,train
P14919,train
P04775,train
P02320,train
P10545,train
P14961,train
P01905,train
P17056,train
P00990,train
P05556,train
P01568,train
P04705,train
P04822,train
P14834,train
P09463,train
P05774,train
P17140,train
P07233,train
P15042,train
P00072,train
P14135,train
P16679,train
P19668,train
P13442,train
P11228,train
P13695,train
P02730,train
P03327,train
P05346,train
P18085,train
P06829,train
P08280,train
P03263,train
P04042,train
P11489,train
P03587,train
P18276,train
P11796,train
P07528,train
P14017,train
P07048,train
P17093,train
P10137,train
P11704,train
P02279,train
P01972,train
P02468,train
P14241,train
P08628,train
P17556,train
P07368,train
P06773,train
P12826,train
P05210,train
P11983,train
P02576,train
P17038,train
P09607,train
P13162,train
P03300,train
P05164,train
P05968,train
P18665,train
P11507,train
P01303,train
P03034,train
P02348,train
P03214,train
P03170,train
P15173,train
P10022,train
P01246,train
P06617,train
P12709,train
P17412,train
P09457,train
P19084,train
P08217,train
P01301,train
P17327,train
P07330,train
P11707,train
P01890,train
P01806,train
P11898,train
P02788,train
P00180,train
P09285,train
P03997,train
P04007,train
P00570,train
P00354,train
P04252,train
P11990,train
P07062,train
P13498,train
P14926,train
P12323,train
P03869,train
P15941,train
P12910,train
P08511,train
P04982,train
P07106,train
P18922,train
P01489,train
P01651,train
P17036,train
P05627,train
P05759,train
P10228,train
P15279,train
P02758,train
P11145,train
P08189,train
P06901,train
P02008,train
P19565,train
P08766,train
P06387,train
P16910,train
P00765,train
P04590,train
P17358,train
P07532,train
P03867,train
P03679,train
P16914,train
P10590,train
P05367,train
P15496,train
P03091,train
P00348,train
P05639,train
P08871,train
P04153,train
P14343,train
P17854,train
P10879,train
P11900,train
P08588,train
P08367,train
P12825,train
P07935,train
P01360,train
P02405,train
P19194,train
P16021,train
P18819,train
P14502,train
P12462,train
P07813,train
P00427,train
P09272,train
P01672,train
P00123,train
P15887,train
P00918,train
P05019,train
P14836,train
P11259,train
P09413,train
P00460,train
P08508,train
P13757,train
P02819,train
P01233,train
P00600,train
P18533,train
P15620,train
P04299,train
P00741,train
P09631,train
P04337,train
P11248,train
P16225,train
P17677,train
P18769,train
P17783,train
P01284,train
P15266,train
P18293,train
P09233,train
P11579,train
P13159,train
P07012,train
P11258,train
P18517,train
P14727,train
P04467,train
P03181,train
P06800,train
P18405,train
P02015,train
P14071,train
P02539,train
P15167,train
P15347,train
P00199,train
P02738,train
P06227,train
P04317,train
P08595,train
P18881,train
P03951,train
P18424,train
P14287,train
P19140,train
P06628,train
P16619,train
P14016,train
P17175,train
P05084,train
P12469,train
P14152,train
P03851,train
P13668,train
P15368,train
P09972,train
P00538,train
P06614,train
P18051,train
P04885,train
P08652,train
P11352,train
P16110,train
P14004,train
P15756,train
P00380,train
P11904,train
P11026,train
P16728,train
P15181,train
P08385,train
P04246,train
P09586,train
P05786,train
P04232,train
P16376,train
P13649,train
P02925,train
P13106,train
P04846,train
P16121,train
P18636,train
P13194,train
P09899,train
P18671,train
P08209,train
P13433,train
P10401,train
P15380,train
P02578,train
P06646,train
P08075,train
P19463,train
P11041,train
P08707,train
P19558,train
P04818,train
P14553,train
P14649,train
P13642,train
P01287,train
P18306,train
P17151,train
P14037,train
P11960,train
P05548,train
P10916,train
P19915,train
P02884,train
P06048,train
P10243,train
P14626,train
P10272,train
P15595,train
P03149,train
P08575,train
P19759,train
P00619,train
P15067,train
P13494,train
P10379,train
P00477,train
P00127,train
P06689,train
P16883,train
P18447,train
P13117,train
P04350,train
P10406,train
P06965,train
P10932,train
P03105,train
P01745,train
P01707,train
P11908,train
P09278,train
P03924,train
P12100,train
P09718,train
P03847,train
P12314,train
P12224,train
P19627,train
P18153,train
P01214,train
P10087,train
P08725,train
P05481,train
P05887,train
P13150,train
P19279,train
P16291,train
P00543,train
P16183,train
P12010,train
P05455,train
P14090,train
P09057,train
P04196,train
P03048,train
P13430,train
P11697,train
P00029,train
P12225,train
P02262,train
P06436,train
P06154,train
P07266,train
P00911,train
P00371,train
P17552,train
P06817,train
P17661,train
P09888,train
P05335,train
P13453,train
P12547,train
P19527,train
P17059,train
P05078,train
P01985,train
P06904,train
P12490,train
P16190,train
P13689,train
P01107,train
P16631,train
P08321,train
P04351,train
P01654,train
P10038,train
P00815,train
P00243,train
P19977,train
P04423,train
P06187,train
P15034,train
P06863,train
P15950,train
P13771,train
P12543,train
P00877,train
P13455,train
P18215,train
P06375,train
P08259,train
P16633,train
P06402,train
P03783,train
P02914,train
P09121,train
P09712,train
P03315,train
P03628,train
P05488,train
P15502,train
P07135,train
P17249,train
P05474,train
P04210,train
P09439,train
P07690,train
P17052,train
P03623,train
P12829,train
P02653,train
P12522,train
P17606,train
P18785,train
P13586,train
P07299,train
P19427,train
P13238,train
P00488,train
P07808,train
P15150,train
P10178,train
P02494,train
P10635,train
P05766,train
P07727,train
P10666,train
P08447,train
P08943,train
P12172,train
P14078,train
P11087,train
P09663,train
P09089,train
P10217,train
P07864,train
P06742,train
P18290,train
P13979,train
P17697,train
P19319,train
P11656,train
P00518,train
P16835,train
P01556,train
P08950,train
P09605,train
P00406,train
P18540,train
P07270,train
P16855,train
P14520,train
P11607,train
P00662,train
P10945,train
P13676,train
P18951,train
P15176,train
P02301,train
P07752,train
P18528,train
P15865,train
P18584,train
P05602,train
P16226,train
P05788,train
P17191,train
P06706,train
P16118,train
P04771,train
P10061,train
P17017,train
P19286,train
P07445,train
P04444,train
P02659,train
P11356,train
P16722,train
P09884,train
P19454,train
P03331,train
P19734,train
P09815,train
P16530,train
P04365,train
P03056,train
P00440,train
P08417,train
P08903,train
P03097,train
P04770,train
P06819,train
P11445,train
P16238,train
P02508,train
P06668,train
P19643,train
P05620,train
P01812,train
P05446,train
P09903,train
P15408,train
P03529,train
P09421,train
P01464,train
P09876,train
P04988,train
P04461,train
P04600,train
P15086,train
P09288,train
P19660,train
P04803,train
P09655,train
P19809,train
P04276,train
P08576,train
P05923,train
P18946,train
P13817,train
P03890,train
P11074,train
P18853,train
P02995,train
P11504,train
P17269,train
P00496,train
P00373,train
P11442,train
P16725,train
P06574,train
P02342,train
P02094,train
P14173,train
P10844,train
P04657,train
P19778,train
P01358,train
P02805,train
P12111,train
P18718,train
P09878,train
P02955,train
P15228,train
P05035,train
P12170,train
P10142,train
P03796,train
P16556,train
P15558,train
P19010,train
P14153,train
P15852,train
P06290,train
P14506,train
P19903,train
P03520,train
P19763,train
P11272,train
P16455,train
P17126,train
P19065,train
P11376,train
P13584,train
P09202,train
P15468,train
P10388,train
P10393,train
P01148,train
P01289,train
P10082,train
P05152,train
P12497,train
P02462,train
P14478,train
P08365,train
P19815,train
P04379,train
P08053,train
P11227,train
P16349,train
P13108,train
P18994,train
P00637,train
P17699,train
P05939,train
P12661,train
P07858,train
P18057,train
P04759,train
P01277,train
P14716,train
P19090,train
P19190,train
P07950,train
P11897,train
P12918,train
P14594,train
P17615,train
P12060,train
P16294,train
P16198,train
P17736,train
P07824,train
P10601,train
P10540,train
P05779,train
P11569,train
P06220,train
P18278,train
P19587,train
P14809,train
P17474,train
P13645,train
P13550,train
P05969,train
P15862,train
P19203,train
P17814,train
P18988,train
P14690,train
P05133,train
P03297,train
P13224,train
P00722,train
P11984,train
P17367,train
P09206,train
P03050,train
P04381,train
P02706,train
P05673,train
P10535,train
P17993,train
P02441,train
P10656,train
P10258,train
P08224,train
P04376,train
P15618,train
P13386,train
P19120,train
P07905,train
P10238,train
P13485,train
P13798,train
P03104,train
P19171,train
P06180,train
P17641,train
P19880,train
P15750,train
P16362,train
P05209,train
P15696,train
P02296,train
P01777,train
P16310,train
P14312,train
P18694,train
P05015,train
P10814,train
P02452,train
P05370,train
P19458,train
P12015,train
P05632,train
P09072,train
P00822,train
P08388,train
P03451,train
P17818,train
P17022,train
P16823,train
P12754,train
P06181,train
P16179,train
P00752,train
P03073,train
P13585,train
P11117,train
P18138,train
P03459,train
P16337,train
P03096,train
P18394,train
P07327,train
P06798,train
P00745,train
P17554,train
P14308,train
P19773,train
P01327,train
P14267,train
P18201,train
P12814,train
P09049,train
P11695,train
P12659,train
P16210,train
P03435,train
P04973,train
P13890,train
P01598,train
P09392,train
P14378,train
P10433,train
P17864,train
P07015,train
P09016,train
P10419,train
P07433,train
P18375,train
P13064,train
P10465,train
P15235,train
P14632,train
P00873,train
P08775,train
P03769,train
P16938,train
P18893,train
P01197,train
P03762,train
P01309,train
P05217,train
P13806,train
P07485,train
P07383,train
P09099,train
P03411,train
P13084,train
P07110,train
P07344,train
P04961,train
P10165,train
P19618,train
P07159,train
P16543,train
P12860,train
P15853,train
P11311,train
P07071,train
P07828,train
P01532,train
P19862,train
P19257,train
P08530,train
P17756,train
P06417,train
P08869,train
P19474,train
P14729,train
P13533,train
P06813,train
P14437,train
P06211,train
P07100,train
P01161,train
P17512,train
P17460,train
P06282,train
P04470,train
P02112,train
P08289,train
P15896,train
P06335,train
P04726,train
P13540,train
P05962,train
P03046,train
P12390,train
P05071,train
P04783,train
P12332,train
P04785,train
P08391,train
P06253,train
P17952,train
P13965,train
P19623,train
P02006,train
P02579,train
P12969,train
P19042,train
P10946,train
P10325,train
P15948,train
P09100,train
P16020,train
P14321,train
P12550,train
P18012,train
P00597,train
P04140,train
P06652,train
P03972,train
P10963,train
P12357,train
P06101,train
P09262,train
P06664,train
P18241,train
P18990,train
P09934,train
P18564,train
P05727,train
P08930,train
P03391,train
P17912,train
P07481,train
P02636,train
P19657,train
P13513,train
P17826,train
P10208,train
P11296,train
P17422,train
P14423,train
P06434,train
P17041,train
P10579,train
P11658,train
P07926,train
P02739,train
P17904,train
P13627,train
P18478,train
P02042,train
P17764,train
P04353,train
P14324,train
P02402,train
P19085,train
P16420,train
P16817,train
P17582,train
P04234,train
P09918,train
P03291,train
P18289,train
P10084,train
P10432,train
P02577,train
P07191,train
P14967,train
P09750,train
P13509,train
P00173,train
P08811,train
P08708,train
P14757,train
P09492,train
P05982,train
P17609,train
P03981,train
P04488,train
P04420,train
P17170,train
P00303,train
P10962,train
P02345,train
P05746,train
P00465,train
P15962,train
P18244,train
P05825,train
P04589,train
P13296,train
P14538,train
P11373,train
P16247,train
P11556,train
P00293,train
P11919,train
P16941,train
P09105,train
P14060,train
P14656,train
P17202,train
P07660,train
P04788,train
P03727,train
P02521,train
P01925,train
P17832,train
P17490,train
P06968,train
P11942,train
P03372,train
P03840,train
P14031,train
P07239,train
P16880,train
P15794,train
P09759,train
P14202,train
P08101,train
P01409,train
P01909,train
P17805,train
P12665,train
P02104,train
P07058,train
P01501,train
P07030,train
P00003,train
P02512,train
P00527,train
P00409,train
P07170,train
P15820,train
P05241,train
P11964,train
P14777,train
P01869,train
P19861,train
P11505,train
P06670,train
P05589,train
P08369,train
P04510,train
P14407,train
P17655,train
P09323,train
P02242,train
P16443,train
P07146,train
P03507,train
P01681,train
P03254,train
P17066,train
P18002,train
P01686,train
P15424,train
P15197,train
P13864,train
P00028,train
P05238,train
P05399,train
P08568,train
P11473,train
P11526,train
P16797,train
P02907,train
P09681,train
P10783,train
P05763,train
P12968,train
P11095,train
P09831,train
P08433,train
P03133,train
P05952,train
P02048,train
P12638,train
P14765,train
P19760,train
P16574,train
P13543,train
P19209,train
P19169,train
P04764,train
P10960,train
P01349,train
P01191,train
P13119,train
P02940,train
P04457,train
P01272,train
P18934,train
P04521,train
P16344,train
P02983,train
P17473,train
P19561,train
P07038,train
P11936,train
P13128,train
P18868,train
P16105,train
P00776,train
P04636,train
P15643,train
P05163,train
P11554,train
P17959,train
P18438,train
P15491,train
P16270,train
P16088,train
P08979,train
P15139,train
P05406,train
P16838,train
P13779,train
P15637,train
P15239,train
P07413,train
P14714,train
P16609,train
P02837,train
P04659,train
P03431,train
P04260,train
P02604,train
P16863,train
P11840,train
P00930,train
P19217,train
P12672,train
P06673,train
P05168,train
P04780,train
P18131,train
P17739,train
P03230,train
P01262,train
P11905,train
P02458,train
P10769,train
P06540,train
P10531,train
P11867,train
P11547,train
P03862,train
P19731,train
P18754,train
P02998,train
P19018,train
P17319,train
P05068,train
P17250,train
P10141,train
P14877,train
P05082,train
P11221,train
P08203,train
P14266,train
P03089,train
P14825,train
P01210,train
P06702,train
P19518,train
P01617,train
P18179,train
P13204,train
P15474,train
P18093,train
P10318,train
P12395,train
P10541,train
P07992,train
P16380,train
P04373,train
P06662,train
P08546,train
P08361,train
P01367,train
P17853,train
P11165,train
P07310,train
P11718,train
P15148,train
P06294,train
P01018,train
P06802,train
P18878,train
P01852,train
P06890,train
P12662,train
P17576,train
P00847,train
P18056,train
P16173,train
P06194,train
P01178,train
P13714,train
P19804,train
P18052,train
P09770,train
P16669,train
P12810,train
P19616,train
P12861,train
P09418,train
P07710,train
P09634,train
P14304,train
P08563,train
P14758,train
P06276,train
P16496,train
P17773,train
P00493,train
P03728,train
P05823,train
P03936,train
P17282,train
P04815,train
P10527,train
P14391,train
P09565,train
P08115,train
P01722,train
P00515,train
P18307,train
P16394,train
P06630,train
P17457,train
P10031,train
P03843,train
P06748,train
P02781,train
P05618,train
P11131,train
P07470,train
P09527,train
P17116,train
P14824,train
P19780,train
P18429,train
P03776,train
P09375,train
P05651,train
P12011,train
P04598,train
P02811,train
P19724,train
P18288,train
P17156,train
P10455,train
P09386,train
P08532,train
P07475,train
P10195,train
P07229,train
P08958,train
P17057,train
P16990,train
P11980,train
P04117,train
P04544,train
P04255,train
P11584,train
P06064,train
P12742,train
P17012,train
P16457,train
P09081,train
P07248,train
P11941,train
P17565,train
P03923,train
P00511,train
P12067,train
P03834,train
P11794,train
P04691,train
P02693,train
P10107,train
P06939,train
P06438,train
P17521,train
P07968,train
P02071,train
P16588,train
P00481,train
P04998,train
P06694,train
P14028,train
P09165,train
P11146,train
P07120,train
P04929,train
P06483,train
P13048,train
P09560,train
P10268,train
P05495,train
P10594,train
P15022,train
P12186,train
P04528,train
P11832,train
P10256,train
P15008,train
P14147,train
P16123,train
P09525,train
P18251,train
P01531,train
P12713,train
P14463,train
P16630,train
P12207,train
P05077,train
P18032,train
P19053,train
P16523,train
P17232,train
P16531,train
P02867,train
P17658,train
P14990,train
P12047,train
P19274,train
P14660,train
P03836,train
P16815,train
P09124,train
P04907,train
P01419,train
P02838,train
P12802,train
P19121,train
P13775,train
P19401,train
P15726,train
P10476,train
P00558,train
P10209,train
P05124,train
P05253,train
P18250,train
P10572,train
P05994,train
P13233,train
P18970,train
P16106,train
P16015,train
P06323,train
P18186,train
P11142,train
P00863,train
P11974,train
P06411,train
P05896,train
P17631,train
P01149,train
P09387,train
P14512,train
P07491,train
P11052,train
P15377,train
P13681,train
P12149,train
P09376,train
P01990,train
P04038,train
P06511,train
P04896,train
P04228,train
P10726,train
P15966,train
P03965,train
P19202,train
P19675,train
P01228,train
P03541,train
P16515,train
P09495,train
P07555,train
P02787,train
P07250,train
P12772,train
P12582,train
P12151,train
P01977,train
P08815,train
P09773,train
P13164,train
P10746,train
P17316,train
P15924,train
P05239,train
P14142,train
P15878,train
P12942,train
P02385,train
P13103,train
P09826,train
P17174,train
P06403,train
P04886,train
P12994,train
P14822,train
P00933,train
P01907,train
P16407,train
P18936,train
P14841,train
P08883,train
P02332,train
P00571,train
P15813,train
P13044,train
P16382,train
P00171,train
P14291,train
P09548,train
P12399,train
P02886,train
P09879,train
P12546,train
P18595,train
P09555,train
P08934,train
P18483,train
P08919,train
P02149,train
P04383,train
P05452,train
P02254,train
P11175,train
P00697,train
P05725,train
P19687,train
P06490,train
P07133,train
P07283,train
P17030,train
P10473,train
P09287,train
P04462,train
P00377,train
P14251,train
P03973,train
P12561,train
P03267,train
P12086,train
P07102,train
P14743,train
P05177,train
P19917,train
P00860,train
P01391,train
P10405,train
P05426,train
P13011,train
P17700,train
P19992,train
P12571,train
P08223,train
P05465,train
P19178,train
P17759,train
P17013,train
P13706,train
P00559,train
P07393,train
P01581,train
P17166,train
P15495,train
P12803,train
P03273,train
P07104,train
P06355,train
P01165,train
P12028,train
P02584,train
P00476,train
P18797,train
P03027,train
P14455,train
P17523,train
P15903,train
P07720,train
P09623,train
P07099,train
P09993,train
P16288,train
P09606,train
P07507,train
P14404,train
P01176,train
P08555,train
P02555,train
P10881,train
P15450,train
P06242,train
P11733,train
P12591,train
P18425,train
P06736,train
P08514,train
P11321,train
P08522,train
P13674,train
P11448,train
P15153,train
P13981,train
P03590,train
P00339,train
P10212,train
P04226,train
P16770,train
P11724,train
P12596,train
P02036,train
P04402,train
P12944,train
P12416,train
P09814,train
P09060,train
P15413,train
P19050,train
P18760,train
P11447,train
P14647,train
P18265,train
P08387,train
P04517,train
P16911,train
P00989,train
P10113,train
P00667,train
P04504,train
P08710,train
P15133,train
P12604,train
P19526,train
P09974,train
P04338,train
P13236,train
P07249,train
P11152,train
P00288,train
P15564,train
P05408,train
P05936,train
P09014,train
P05667,train
P09784,train
P19160,train
P07652,train
P10372,train
P01523,train
P12521,train
P00660,train
P04794,train
P04947,train
P16440,train
P05033,train
P04264,train
P10047,train
P10133,train
P17886,train
P05731,train
P06284,train
P17504,train
P08807,train
P12559,train
P11982,train
P11276,train
P10161,train
P06792,train
P04631,train
P04526,train
P11723,train
P16390,train
P17973,train
P17109,train
P19335,train
P06359,train
P15953,train
P05450,train
P08666,train
P11773,train
P15940,train
P01844,train
P05428,train
P07160,train
P14488,train
P18479,train
P00646,train
P10449,train
P04876,train
P04661,train
P17856,train
P08266,train
P03023,train
P12419,train
P06945,train
P01140,train
P00666,train
P05334,train
P19789,train
P16460,train
P03249,train
P07171,train
P15369,train
P03731,train
P19967,train
P01007,train
P10689,train
P14817,train
P06925,train
P18310,train
P17265,train
P18308,train
P05876,train
P15998,train
P11978,train
P15141,train
P03257,train
P07272,train
P03072,train
P09462,train
P05578,train
P17045,train
P08479,train
P03604,train
P18331,train
P01544,train
P19855,train
P19946,train
P19770,train
P08323,train
P11267,train
P04854,train
P05308,train
P14433,train
P19322,train
P08808,train
P08395,train
P17238,train
P13001,train
P04781,train
P09601,train
P06365,train
P05225,train
P07797,train
P06780,train
P08755,train
P14223,train
P19726,train
P13377,train
P10424,train
P19472,train
P06808,train
P18598,train
P04680,train
P15675,train
P01839,train
P12741,train
P08125,train
P10362,train
P16806,train
P05003,train
P03677,train
P01694,train
P14063,train
P18271,train
P03044,train
P14109,train
P10147,train
P13424,train
P18890,train
P11230,train
P17933,train
P07412,train
P03513,train
P12733,train
P02031,train
P09090,train
P15062,train
P02141,train
P14892,train
P04056,train
P13400,train
P07539,train
P16494,train
P10926,train
P01445,train
P12526,train
P14479,train
P16584,train
P19341,train
P07925,train
P12917,train
P03298,train
P13374,train
P19700,train
P00283,train
P00257,train
P18324,train
P15166,train
P13620,train
P18456,train
P05606,train
P05116,train
P00647,train
P09989,train
P19467,train
P12882,train
P03983,train
P07417,train
P07009,train
P11357,train
P00478,train
P15314,train
P16058,train
P09519,train
P18025,train
P04795,train
P00428,train
P14346,train
P08609,train
P07070,train
P08402,train
P04469,train
P17851,train
P09677,train
P14038,train
P16114,train
P08959,train
P01332,train
P12983,train
P03528,train
P19939,train
P03239,train
P16975,train
P19501,train
P17100,train
P01737,train
P05571,train
P14835,train
P13715,train
P01195,train
P16388,train
P07931,train
P18860,train
P14284,train
P19370,train
P10989,train
P06373,train
P10862,train
P00302,train
P06216,train
P16263,train
P14787,train
P02313,train
P06156,train
P09332,train
P09119,train
P04832,train
P05862,train
P03865,train
P16816,train
P07154,train
P10780,train
P01288,train
P11452,train
P04515,train
P04458,train
P04499,train
P12675,train
P08221,train
P19449,train
P19305,train
P11929,train
P14077,train
P07142,train
P08419,train
P04270,train
P06297,train
P13955,train
P00875,train
P10627,train
P17586,train
P07119,train
P14277,train
P07278,train
P14529,train
P16599,train
P05243,train
P03033,train
P14983,train
P07498,train
P13322,train
P18701,train
P02073,train
P05201,train
P10416,train
P02701,train
P00750,train
P13631,train
P10481,train
P18862,train
P05412,train
P06410,train
P00723,train
P04128,train
P18046,train
P09863,train
P04382,train
P14064,train
P11222,train
P15222,train
P15137,train
P08440,train
P00069,train
P10825,train
P02850,train
P02989,train
P12736,train
P12231,train
P06329,train
P12715,train
P03793,train
P12176,train
P00071,train
P12873,train
P04613,train
P18850,train
P16638,train
P01370,train
P01622,train
P19749,train
P13603,train
P09907,train
P09940,train
P09804,train
P09564,train
P03985,train
P15785,train
P04683,train
P11180,train
P10721,train
P00103,train
P16774,train
P19877,train
P16786,train
P15154,train
P09286,train
P07947,train
P05110,train
P15036,train
P04697,train
P04978,train
P06249,train
P13198,train
P12610,train
P17680,train
P19347,train
P06110,train
P07659,train
P19408,train
P19994,train
P08488,train
P11015,train
P15392,train
P08657,train
P05315,train
P07942,train
P13723,train
P17314,train
P06807,train
P15839,train
P11761,train
P13856,train
P15818,train
P15061,train
P10192,train
P12499,train
P09520,train
P12785,train
P17087,train
P00131,train
P07837,train
P10690,train
P13892,train
P17951,train
P14216,train
P02552,train
P07520,train
P02056,train
P19407,train
P15786,train
P04485,train
P18392,train
P03702,train
P12081,train
P13813,train
P13733,train
P01668,train
P00062,train
P16843,train
P13658,train
P02350,train
P08720,train
P05775,train
P06903,train
P02972,train
P05153,train
P06114,train
P06155,train
P02377,train
P06474,train
P14362,train
P10768,train
P05629,train
P02610,train
P13197,train
P08288,train
P08268,train
P10115,train
P13735,train
P06805,train
P07147,train
P19678,train
P15631,train
P18300,train
P06874,train
P16959,train
P10440,train
P11370,train
P15619,train
P01282,train
P13701,train
P12042,train
P05175,train
P04514,train
P01662,train
P01129,train
P10459,train
P03086,train
P17670,train
P08119,train
P19288,train
P14734,train
P05991,train
P04751,train
P15979,train
P04983,train
P19504,train
P03376,train
P03837,train
P09964,train
P14981,train
P19848,train
P10747,train
P03704,train
P10587,train
P05560,train
P13059,train
P16968,train
P17079,train
P14215,train
P01038,train
P00856,train
P08602,train
P02556,train
P00266,train
P06733,train
P16862,train
P08640,train
P19285,train
P08724,train
P16207,train
P14837,train
P18104,train
P11751,train
P16200,train
P09836,train
P19830,train
P18475,train
P08925,train
P03656,train
P18520,train
P14408,train
P13534,train
P13884,train
P09112,train
P11236,train
P11132,train
P04463,train
P12765,train
P04890,train
P10427,train
P10101,train
P14657,train
P09015,train
P15016,train
P15446,train
P15776,train
P06864,train
P08484,train
P07717,train
P09297,train
P14260,train
P04650,train
P01400,train
P08802,train
P05530,train
P01404,train
P15959,train
P08742,train
P17763,train
P07819,train
P09749,train
P05805,train
P11106,train
P08214,train
P03228,train
P13079,train
P10645,train
P04534,train
P00955,train
P16364,train
P06420,train
P11024,train
P04302,train
P13434,train
P03714,train
P00146,train
P13876,train
P09085,train
P15064,train
P19146,train
P09339,train
P11677,train
P11139,train
P00313,train
P07519,train
P18219,train
P07423,train
P00896,train
P18377,train
P10278,train
P06906,train
P06960,train
P02367,train
P08750,train
P06399,train
P03588,train
P08394,train
P03692,train
P18415,train
P14033,train
P14960,train
P14774,train
P01883,train
P14125,train
P05132,train
P00011,train
P04013,train
P08211,train
P14750,train
P19572,train
P15978,train
P18950,train
P11421,train
P10437,train
P14319,train
P00869,train
P09246,train
P02775,train
P09211,train
P06426,train
P04426,train
P08392,train
P02293,train
P17150,train
P08255,train
P10478,train
P11385,train
P14700,train
P17706,train
P05357,train
P05503,train
P18736,train
P07010,train
P15971,train
P02845,train
P15260,train
P19952,train
P18778,train
P15160,train
P04441,train
P15463,train
P09115,train
P12792,train
P03234,train
P08380,train
P10475,train
P08973,train
P05575,train
P12019,train
P08565,train
P18312,train
P09460,train
P09327,train
P13320,train
P00984,train
P18108,train
P15826,train
P13814,train
P14151,train
P03889,train
P09031,train
P16684,train
P13041,train
P01218,train
P07073,train
P11913,train
P01824,train
P08480,train
P00807,train
P15257,train
P06765,train
P09441,train
P18180,train
P02413,train
P12263,train
P11169,train
P08662,train
P07402,train
P01916,train
P15973,train
P04285,train
P15356,train
P19799,train
P03019,train
P12553,train
P17489,train
P01170,train
P13078,train
P11434,train
P05820,train
P16570,train
P17115,train
P15736,train
P15706,train
P02445,train
P16282,train
P15671,train
P18275,train
P19068,train
P09263,train
P07213,train
P02067,train
P00248,train
P09768,train
P15875,train
P05583,train
P08912,train
P03646,train
P05458,train
P08846,train
P00172,train
P16751,train
P07901,train
P08719,train
P14726,train
P05339,train
P16033,train
P05180,train
P04374,train
P01553,train
P11100,train
P09283,train
P02387,train
P02240,train
P03276,train
P08239,train
P00204,train
P12935,train
P19524,train
P01037,train
P11115,train
P05390,train
P15791,train
P15578,train
P15217,train
P00023,train
P14635,train
P06603,train
P16522,train
P14608,train
P01673,train
P02321,train
P13094,train
P11731,train
P07360,train
P13157,train
P10845,train
P17926,train
P00540,train
P02926,train
P19974,train
P00712,train
P00020,train
P05172,train
P10823,train
P15372,train
P13879,train
P03264,train
P15009,train
P05006,train
P16405,train
P10715,train
P14686,train
P08849,train
P14166,train
P05918,train
P16773,train
P17366,train
P16073,train
P18257,train
P06769,train
P16814,train
P05258,train
P13007,train
P06639,train
P13561,train
P00928,train
P19671,train
P01539,train
P09576,train
P15709,train
P11478,train
P14756,train
P09513,train
P06082,train
P12669,train
P17243,train
P02421,train
P12618,train
P16571,train
P01742,train
P00982,train
P19102,train
P02173,train
P08830,train
P17338,train
P13065,train
P00381,train
P16672,train
P04678,train
P04361,train
P13143,train
P05418,train
P18082,train
P19445,train
P15080,train
P02883,train
P04182,train
P01934,train
P02359,train
P14816,train
P17005,train
P10706,train
P09357,train
P19630,train
P02839,train
P00459,train
P09772,train
P13140,train
P06641,train
P19221,train
P14448,train
P03373,train
P18114,train
P15165,train
P09320,train
P00305,train
P13355,train
P15298,train
P16187,train
P05880,train
P08063,train
P14148,train
P09008,train
P18706,train
P06446,train
P14093,train
P09144,train
P00605,train
P19233,train
P01220,train
P08281,train
P06725,train
P17419,train
P11099,train
P05296,train
P00565,train
P06241,train
P11034,train
P13156,train
P05846,train
P15951,train
P06878,train
P13002,train
P04194,train
P05810,train
P14705,train
P15102,train
P13737,train
P14564,train
P05764,train
P01641,train
P10249,train
P15849,train
P19599,train
P15949,train
P10024,train
P18337,train
P16320,train
P18458,train
P19581,train
P06657,train
P16692,train
P13126,train
P15113,train
P07936,train
P03025,train
P17158,train
P18015,train
P09984,train
P05762,train
P06043,train
P05544,train
P16551,train
P17326,train
P02245,train
P14061,train
P00790,train
P18474,train
P06051,train
P14895,train
P01372,train
P08202,train
P18956,train
P11082,train
P13989,train
P19072,train
P10675,train
P07769,train
P17960,train
P07896,train
P14208,train
P01467,train
P07516,train
P01283,train
P00751,train
P19339,train
P19405,train
P05519,train
P19432,train
P01034,train
P05181,train
P14801,train
P12605,train
P14024,train
P12982,train
P10882,train
P09800,train
P18674,train
P12871,train
P03184,train
P07647,train
P17342,train
P10754,train
P18943,train
P15284,train
P06768,train
P06667,train
P04279,train
P07265,train
P03469,train
P13993,train
P11410,train
P11868,train
P14184,train
P03909,train
P15350,train
P16391,train
P15885,train
P02003,train
P12429,train
P12053,train
P01463,train
P15234,train
P06377,train
P11072,train
P15118,train
P08043,train
P15253,train
P08141,train
P17029,train
P04938,train
P17049,train
P10806,train
P14465,train
P00969,train
P16753,train
P13621,train
P17405,train
P04100,train
P04914,train
P14020,train
P07351,train
P01384,train
P00943,train
P15546,train
P00051,train
P12975,train
P16145,train
P03312,train
P05645,train
P10394,train
P06678,train
P12870,train
P02765,train
P03733,train
P00642,train
P01833,train
P15261,train
P18197,train
P10615,train
P03573,train
P08844,train
P17573,train
P15122,train
P06278,train
P12444,train
P10006,train
P03642,train
P15244,train
P02155,train
P16442,train
P13218,train
P06059,train
P16636,train
P07703,train
P13662,train
P18418,train
P15375,train
P00694,train
P00296,train
P18004,train
P03448,train
P09480,train
P06238,train
P06778,train
P01134,train
P11516,train
P14879,train
P18317,train
P15344,train
P12581,train
P04281,train
P09394,train
P18662,train
P05186,train
P18925,train
P17650,train
P17233,train
P14513,train
P01938,train
P10528,train
P13903,train
P07618,train
P00835,train
P09271,train
P01196,train
P12938,train
P17016,train
P07713,train
P15861,train
P12315,train
P11170,train
P18968,train
P07387,train
P14617,train
P15623,train
P04790,train
P18302,train
P13635,train
P15283,train
P14297,train
P19669,train
P05610,train
P08399,train
P01854,train
P10126,train
P17964,train
P02190,train
P06339,train
P06877,train
P07332,train
P00189,train
P04490,train
P08390,train
P03432,train
P00195,train
P10059,train
P12267,train
P06151,train
P10699,train
P12507,train
P07811,train
P05600,train
P03861,train
P06989,train
P08688,train
P09434,train
P16464,train
P07724,train
P02443,train
P09649,train
P17138,train
P15021,train
P09032,train
P07745,train
P12817,train
P11845,train
P07379,train
P15872,train
P08493,train
P09067,train
P19787,train
P01718,train
P06555,train
P11224,train
P01829,train
P08978,train
P06986,train
P16471,train
P05482,train
P19107,train
P08305,train
P17701,train
P14269,train
P07037,train
P09509,train
P06023,train
P03224,train
P13441,train
P02363,train
P00240,train
P03935,train
P08184,train
P00250,train
P02223,train
P14456,train
P12920,train
P12193,train
P10235,train
P18767,train
P12687,train
P04294,train
P08745,train
P03070,train
P13221,train
P03278,train
P02182,train
P14085,train
P08877,train
P17443,train
P04454,train
P19284,train
P10290,train
P12309,train
P14029,train
P18808,train
P06404,train
P17371,train
P08501,train
P05687,train
P07488,train
P19276,train
P13742,train
P00495,train
P15549,train
P19506,train
P15263,train
P05989,train
P18842,train
P12680,train
P00450,train
P14542,train
P07971,train
P18757,train
P16113,train
P15719,train
P11186,train
P18164,train
P10181,train
P18443,train
P11758,train
P01484,train
P10955,train
P17789,train
P00319,train
P05958,train
P11517,train
P04834,train
P12461,train
P09179,train
P09107,train
P14761,train
P10439,train
P11480,train
P06956,train
P15120,train
P13768,train
P04032,train
P05240,train
P00895,train
P01373,train
P13990,train
P11485,train
P14583,train
P03808,train
P04507,train
P04979,train
P17809,train
P18744,train
P17135,train
P16758,train
P18573,train
P02366,train
P18054,train
P15674,train
P14913,train
P08071,train
P10277,train
P07291,train
P12953,train
P02977,train
P14875,train
P01796,train
P15755,train
P18407,train
P17603,train
P18072,train
P08352,train
P15992,train
P04063,train
P19129,train
P19673,train
P19784,train
P01368,train
P11138,train
P01174,train
P09256,train
P08279,train
P17705,train
P05378,train
P17827,train
P04208,train
P02252,train
P01032,train
P05931,train
P02702,train
P01256,train
P19824,train
P11304,train
P07468,train
P09953,train
P08994,train
P11462,train
P06831,train
P07050,train
P01074,train
P18987,train
P14697,train
P19590,train
P19598,train
P07834,train
P00535,train
P04035,train
P14289,train
P03216,train
P02025,train
P14958,train
P08318,train
P13914,train
P00780,train
P05063,train
P19900,train
P08049,train
P19797,train
P17719,train
P08005,train
P17555,train
P18616,train
P05212,train
P18870,train
P04575,train
P11617,train
P15439,train
P11204,train
P18737,train
P15964,train
P16649,train
P06935,train
P13746,train
P08345,train
P07343,train
P18374,train
P17094,train
P00184,train
P05577,train
P12880,train
P17786,train
P03925,train
P07730,train
P18393,train
P13795,train
P15047,train
P14962,train
P05760,train
P13657,train
P10785,train
P09708,train
P11563,train
P09514,train
P16986,train
P01308,train
P16698,train
P13177,train
P18939,train
P15715,train
P05886,train
P12583,train
P02205,train
P18155,train
P04752,train
P02484,train
P04548,train
P12533,train
P17459,train
P03028,train
P19796,train
P04673,train
P00593,train
P02284,train
P19579,train
P05462,train
P01150,train
P01663,train
P10903,train
P18919,train
P00700,train
P04410,train
P16800,train
P16901,train
P14005,train
P11872,train
P04511,train
P19494,train
P08212,train
P08778,train
P14248,train
P03600,train
P17205,train
P08697,train
P06598,train
P06075,train
P02224,train
P10544,train
P06063,train
P16167,train
P01697,train
P17804,train
P13532,train
P10967,train
P03616,train
P01276,train
P11255,train
P09820,train
P07990,train
P00206,train
P12977,train
P13700,train
P18366,train
P06757,train
P02368,train
P19742,train
P08154,train
P13297,train
P06273,train
P05064,train
P04304,train
P13850,train
P07580,train
P10056,train
P12508,train
P10069,train
P05421,train
P07072,train
P10596,train
P08095,train
P05224,train
P07850,train
P17074,train
P08858,train
P16330,train
P09902,train
P05897,train
P06473,train
P07388,train
P16511,train
P13501,train
P19076,train
P12775,train
P10328,train
P14459,train
P18498,train
P16333,train
P07548,train
P16371,train
P03017,train
P07020,train
P04593,train
P08860,train
P17330,train
P15991,train
P08990,train
P12102,train
P10880,train
P05902,train
P02420,train
P04962,train
P08200,train
P02709,train
P09981,train
P10577,train
P07364,train
P07313,train
P01978,train
P17526,train
P09252,train
P01104,train
P06302,train
P15912,train
P05442,train
P01593,train
P18343,train
P14394,train
P16799,train
P08489,train
P01346,train
P19483,train
P01109,train
P01313,train
P09887,train
P03295,train
P04805,train
P10569,train
P13749,train
P14250,train
P17104,train
P01525,train
P03940,train
P16766,train
P04798,train
P07611,train
P08448,train
P03789,train
P00411,train
P05157,train
P19298,train
P13071,train
P17707,train
P16677,train
P18258,train
P12233,train
P16527,train
P02537,train
P16788,train
P16605,train
P00913,train
P05047,train
P07442,train
P08045,train
P00821,train
P08909,train
P18687,train
P14627,train
P05000,train
P14939,train
P10074,train
P06594,train
P11755,train
P18023,train
P03483,train
P08270,train
P05014,train
P10371,train
P13419,train
P12743,train
P16839,train
P18650,train
P06157,train
P07217,train
P07572,train
P18875,train
P16441,train
P15676,train
P19893,train
P06944,train
P17607,train
P19327,train
P11187,train
P00330,train
P15873,train
P14056,train
P13334,train
P05402,train
P01414,train
P15720,train
P03404,train
P09310,train
P08717,train
P04990,train
P02151,train
P09995,train
P06517,train
P02088,train
P05955,train
P02986,train
P00088,train
P07656,train
P15541,train
P03895,train
P02800,train
P11498,train
P11591,train
P05507,train
P17117,train
P10219,train
P10613,train
P12116,train
P14245,train
P08535,train
P13880,train
P00059,train
P15958,train
P03857,train
P05269,train
P18469,train
P02722,train
P10598,train
P15363,train
P09629,train
P13398,train
P04143,train
P06449,train
P05265,train
P17082,train
P15650,train
P16872,train
P12892,train
P05067,train
P01483,train
P13212,train
P09482,train
P09713,train
P02558,train
P01719,train
P09689,train
P06372,train
P01097,train
P02766,train
P13968,train
P13452,train
P01723,train
P10163,train
P03323,train
P14286,train
P12602,train
P19119,train
P13647,train
P18291,train
P19363,train
P00537,train
P16923,train
P10334,train
P16122,train
P00876,train
P19933,train
P12649,train
P14426,train
P18891,train
P01709,train
P07267,train
P03421,train
P08428,train
P07830,train
P15621,train
P15303,train
P06902,train
P19071,train
P06285,train
P03578,train
P08671,train
P01060,train
P13330,train
P16385,train
P19040,train
P02168,train
P11271,train
P04653,train
P05228,train
P10354,train
P18804,train
P03288,train
P02815,train
P12302,train
P05197,train
P10520,train
P17862,train
P17423,train
P15276,train
P19399,train
P15654,train
P09023,train
P00261,train
P14829,train
P12322,train
P03596,train
P04216,train
P16352,train
P04386,train
P02801,train
P00376,train
P01957,train
P01921,train
P06909,train
P10374,train
P03024,train
P14497,train
P18815,train
P13292,train
P04154,train
P12051,train
P13285,train
P12340,train
P11002,train
P05194,train
P06102,train
P13258,train
P01543,train
P14000,train
P14921,train
P02774,train
P06331,train
P01465,train
P09443,train
P04868,train
P14767,train
P12280,train
P10447,train
P17761,train
P12966,train
P04177,train
P03063,train
P03971,train
P16953,train
P03108,train
P06450,train
P18481,train
P18396,train
P18178,train
P05096,train
P12381,train
P18285,train
P18139,train
P17435,train
P15535,train
P08882,train
P04760,train
P13091,train
P03785,train
P08804,train
P13960,train
P00866,train
P08696,train
P05195,train
P05284,train
P16867,train
P12973,train
P04034,train
P02760,train
P10524,train
P03482,train
P08219,train
P14915,train
P15144,train
P05483,train
P19997,train
P14353,train
P04235,train
P01875,train
P04839,train
P09284,train
P07039,train
P05470,train
P06066,train
P17209,train
P09438,train
P01006,train
P06074,train
P02629,train
P07546,train
P16516,train
P05502,train
P15630,train
P00365,train
P18709,train
P08245,train
P11161,train
P02239,train
P19195,train
P03729,train
P19774,train
P11279,train
P01385,train
P16869,train
P14360,train
P15908,train
P18597,train
P12058,train
P04123,train
P04151,train
P14522,train
P12517,train
P11200,train
P06774,train
P11888,train
P04341,train
P04740,train
P19109,train
P14723,train
P14420,train
P01731,train
P17910,train
P07595,train
P00486,train
P17323,train
P06905,train
P13396,train
P19505,train
P15510,train
P08574,train
P09498,train
P14253,train
P06298,train
P15484,train
P07536,train
P17598,train
P00654,train
P13301,train
P07227,train
P00529,train
P08679,train
P04712,train
P16192,train
P05833,train
P02936,train
P01930,train
P06212,train
P17662,train
P06318,train
P16943,train
P01779,train
P13514,train
P02012,train
P15648,train
P12043,train
P18095,train
P15309,train
P13819,train
P19007,train
P15555,train
P08938,train
P09683,train
P13124,train
P01717,train
P09063,train
P08325,train
P04599,train
P11090,train
P06379,train
P05913,train
P02352,train
P17939,train
P15175,train
P18380,train
P01816,train
P16399,train
P00704,train
P12791,train
P07424,train
P19023,train
P02533,train
P16304,train
P18281,train
P18630,train
P12306,train
P03885,train
P05293,train
P07385,train
P01889,train
P13967,train
P01090,train
P09616,train
P06894,train
P03131,train
P05392,train
P19310,train
P05004,train
P07612,train
P05693,train
P10521,train
P17879,train
P16916,train
P03697,train
P09426,train
P08498,train
P06528,train
P05029,train
P07565,train
P00968,train
P02426,train
P03814,train
P13499,train
P06104,train
P17218,train
P02271,train
P04992,train
P05264,train
P11464,train
P14894,train
P13052,train
P14138,train
P12197,train
P10609,train
P16804,train
P14918,train
P18866,train
P14283,train
P06508,train
P08482,train
P00999,train
P08726,train
P10300,train
P14880,train
P06277,train
P12196,train
P02065,train
P14622,train
P01333,train
P04604,train
P14625,train
P19588,train
P01421,train
P14309,train
P01024,train
P16234,train
P05190,train
P15295,train
P17630,train
P11223,train
P02208,train
P12324,train
P02300,train
P04999,train
P15877,train
P12822,train
P03134,train
P11371,train
P10943,train
P16065,train
P02249,train
P03633,train
P15697,train
P10361,train
P14176,train
P19368,train
P06481,train
P11968,train
P00391,train
P02875,train
P09248,train
P17782,train
P14270,train
P03118,train
P09626,train
P12875,train
P10062,train
P16448,train
P08339,train
P11413,train
P13847,train
P02097,train
P11306,train
P17622,train
P19301,train
P12430,train
P05123,train
P06140,train
P06027,train
P00824,train
P18973,train
P17868,train
P18378,train
P00764,train
P05754,train
P18703,train
P16059,train
P16616,train
P13754,train
P09290,train
P15981,train
P13319,train
P09672,train
P11256,train
P00314,train
P15010,train
P10538,train
P01112,train
P11380,train
P02220,train
P14452,train
P02113,train
P07245,train
P08450,train
P09361,train
P12421,train
P08972,train
P09916,train
P10247,train
P18163,train
P03557,train
P12726,train
P08502,train
P16706,train
P16731,train
P04167,train
P11735,train
P17872,train
P19075,train
P19757,train
P06197,train
P13865,train
P09932,train
P02000,train
P17322,train
P08250,train
P07052,train
P19993,train
P08423,train
P01746,train
P02167,train
P00054,train
P07887,train
P19873,train
P17224,train
P05951,train
P15901,train
P06146,train
P13275,train
P18342,train
P03618,train
P12535,train
P02879,train
P16686,train
P13718,train
P03643,train
P00936,train
P17381,train
P17208,train
P17454,train
P02022,train
P04187,train
P08192,train
P17132,train
P04435,train
P01960,train
P11616,train
P12941,train
P07269,train
P12847,train
P02658,train
P08290,train
P16832,train
P01620,train
P01223,train
P04266,train
P19539,train
P02093,train
P07976,train
P09802,train
P01516,train
P03501,train
P17945,train
P09024,train
P17424,train
P06846,train
P00920,train
P08159,train
P06975,train
P12417,train
P01983,train
P18403,train
P15262,train
P19956,train
P08004,train
P19639,train
P03066,train
P04952,train
P06835,train
P19343,train
P10861,train
P02017,train
P06581,train
P14083,train
P12206,train
P09083,train
P16475,train
P09842,train
P07056,train
P00017,train
P10414,train
P01168,train
P09946,train
P14565,train
P06173,train
P14558,train
P00693,train
P15426,train
P08865,train
P16819,train
P03833,train
P03035,train
P06445,train
P16701,train
P06269,train
P13032,train
P13385,train
P18190,train
P17464,train
P18269,train
P04732,train
P14012,train
P15506,train
P11422,train
P19850,train
P12382,train
P10504,train
P04551,train
P16917,train
P03153,train
P08556,train
P18729,train
P11531,train
P06442,train
P10547,train
P13966,train
P18440,train
P13729,train
P13576,train
P16798,train
P06899,train
P06324,train
P12380,train
P08986,train
P17383,train
P00803,train
P18097,train
P04513,train
P05024,train
P00525,train
P15622,train
P07122,train
P00714,train
P08088,train
P08069,train
P18959,train
P17703,train
P11769,train
P18330,train
P11107,train
P16348,train
P00355,train
P16604,train
P18947,train
P12146,train
P03552,train
P04995,train
P01920,train
P16778,train
P13958,train
P02198,train
P02598,train
P10282,train
P15183,train
P01473,train
P14008,train
P07025,train
P00187,train
P07800,train
P13808,train
P07906,train
P14874,train
P16810,train
P04693,train
P00676,train
P06039,train
P00762,train
P01713,train
P06025,train
P00287,train
P00272,train
P09226,train
P11886,train
P14155,train
P00031,train
P18014,train
P08465,train
P11112,train
P14292,train
P11449,train
P18805,train
P13773,train
P07895,train
P19355,train
P16894,train
P19441,train
P14893,train
P01198,train
P18008,train
P02161,train
P06223,train
P11157,train
P19552,train
P07606,train
P00139,train
P16347,train
P07348,train
P06467,train
P11257,train
P11810,train
P04405,train
P10553,train
P13114,train
P04244,train
P06423,train
P05616,train
P10766,train
P08539,train
P19179,train
P03049,train
P11076,train
P17628,train
P15869,train
P01886,train
P15591,train
P05376,train
P19461,train
P01623,train
P15065,train
P16694,train
P10390,train
P00576,train
P18588,train
P11629,train
P12288,train
P15460,train
P14358,train
P01685,train
P10198,train
P04750,train
P04133,train
P04029,train
P11453,train
P07435,train
P06571,train
P04380,train
P12305,train
P19389,train
P00532,train
P11736,train
P10253,train
P11368,train
P07956,train
P06924,train
P12793,train
P15267,train
P17837,train
P05842,train
P19490,train
P12409,train
P07181,train
P19350,train
P02726,train
P01189,train
P03609,train
P04067,train
P11444,train
P05059,train
P12484,train
P12062,train
P17974,train
P03227,train
P18213,train
P10617,train
P09133,train
P16629,train
P01424,train
P14384,train
P18345,train
P15544,train
P05159,train
P02329,train
P17549,train
P12125,train
P16670,train
P00388,train
P07361,train
P02660,train
P11289,train
P07465,train
P16913,train
P11430,train
P04704,train
P16216,train
P16213,train
P04847,train
P04078,train
P01762,train
P03790,train
P09175,train
P04530,train
P10245,train
P15422,train
P00147,train
P06958,train
P03466,train
P09077,train
P01305,train
P08220,train
P02216,train
P05188,train
P02038,train
P02525,train
P18509,train
P11666,train
P15738,train
P08229,train
P02735,train
P06573,train
P06916,train
P00126,train
P19748,train
P11049,train
P07737,train
P17718,train
P02014,train
P18745,train
P02896,train
P08852,train
P04927,train
P15892,train
P10321,train
P17923,train
P02748,train
P02967,train
P11280,train
P05509,train
P14192,train
P05372,train
P16094,train
P12899,train
P17129,train
P17979,train
P06919,train
P00665,train
P02543,train
P07054,train
P08030,train
P04974,train
P16064,train
P17018,train
P07704,train
P01471,train
P18332,train
P16025,train
P07128,train
P00713,train
P14643,train
P01063,train
P00579,train
P09195,train
P11291,train
P06771,train
P08643,train
P16156,train
P03441,train
P02759,train
P19826,train
P11991,train
P05178,train
P09779,train
P02158,train
P11325,train
P11865,train
P07138,train
P11140,train
P13870,train
P11806,train
P08029,train
P07772,train
P08736,train
P08375,train
P16787,train
P02129,train
P18944,train
P16848,train
P01496,train
P09431,train
P06137,train
P18545,train
P08260,train
P15059,train
P14898,train
P10468,train
P05103,train
P05520,train
P14334,train
P15822,train
P13326,train
P14150,train
P07236,train
P02619,train
P19885,train
P18787,train
P00819,train
P10620,train
P06085,train
P12432,train
P02793,train
P10925,train
P07533,train
P03045,train
P19460,train
P01255,train
P19674,train
P13652,train
P13339,train
P04975,train
P02569,train
P08104,train
P19705,train
P16474,train
P11484,train
P07605,train
P04791,train
P15716,train
P05664,train
P00285,train
P03388,train
P06788,train
P14268,train
P05648,train
P05025,train
P02514,train
P19430,train
P16338,train
P16624,train
P02956,train
P18389,train
P19498,train
P18383,train
P11129,train
P18218,train
P17296,train
P12858,train
P13280,train
P15974,train
P13977,train
P03549,train
P13517,train
P18316,train
P15937,train
P14804,train
P17965,train
P01987,train
P08776,train
P06046,train
P12024,train
P18664,train
P03014,train
P17972,train
P08334,train
P07196,train
P04920,train
P18467,train
P08180,train
P00245,train
P14965,train
P08257,train
P02225,train
P02910,train
P11585,train
P08294,train
P05216,train
P11775,train
P10498,train
P02103,train
P07195,train
P06153,train
P02560,train
P16702,train
P11495,train
P18900,train
P01245,train
P08341,train
P03976,train
P13380,train
P12594,train
P12486,train
P03993,train
P06374,train
P04658,train
P00853,train
P16988,train
P19836,train
P14355,train
P14422,train
P18625,train
P04391,train
P07005,train
P17014,train
P16354,train
P09676,train
P07788,train
P12054,train
P01125,train
P14524,train
P07726,train
P17438,train
P13835,train
P07806,train
P07084,train
P19721,train
P12808,train
P18283,train
P05281,train
P17103,train
P02306,train
P02364,train
P10453,train
P14124,train
P10102,train
P12872,train
P12995,train
P11199,train
P13978,train
P01511,train
P04101,train
P06491,train
P12012,train
P01181,train
P12603,train
P13610,train
P08922,train
P19750,train
P05303,train
P09230,train
P09148,train
P18076,train
P05716,train
P16932,train
P01559,train
P07094,train
P07666,train
P03154,train
P19353,train
P05518,train
P10193,train
P09102,train
P18742,train
P00100,train
P19417,train
P17182,train
P07164,train
P10679,train
P02194,train
P11533,train
P18420,train
P13624,train
P04087,train
P16850,train
P01329,train
P08207,train
P15777,train
P18991,train
P12524,train
P03090,train
P17257,train
P12862,train
P15854,train
P16859,train
P02311,train
P01142,train
P01871,train
P03744,train
P09604,train
P14313,train
P05785,train
P17807,train
P08350,train
P19831,train
P09076,train
P06824,train
P03863,train
P12023,train
P04028,train
P10733,train
P04438,train
P19583,train
P17585,train
P12452,train
P03661,train
P08664,train
P04597,train
P04166,train
P09402,train
P07209,train
P10920,train
P12972,train
P13962,train
P12837,train
P09788,train
P14909,train
P12504,train
P06789,train
P05531,train
P13016,train
P16873,train
P19851,train
P09648,train
P12014,train
P02888,train
P04159,train
P15952,train
P09838,train
P06796,train
P11996,train
P06828,train
P15158,train
P03509,train
P13827,train
P07329,train
P01903,train
P15586,train
P18098,train
P16662,train
P09390,train
P08218,train
P05375,train
P06534,train
P13950,train
P18828,train
P17834,train
P15294,train
P12480,train
P06311,train
P14518,train
P09464,train
P09135,train
P04629,train
P12073,train
P19782,train
P12033,train
P12215,train
P14957,train
P00755,train
P02981,train
P05792,train
P11553,train
P08449,train
P11792,train
P18144,train
P12853,train
P16572,train
P12407,train
P13895,train
P16490,train
P03203,train
P08471,train
P14936,train
P14995,train
P04431,train
P10293,train
P03008,train
P16069,train
P03396,train
P11560,train
P15773,train
P15178,train
P15653,train
P05782,train
P02072,train
P13805,train
P14624,train
P16165,train
P19425,train
P15559,train
P12453,train
P11814,train
P01784,train
P14555,train
P12613,train
P00971,train
P02274,train
P19444,train
P09295,train
P03000,train
P00085,train
P16802,train
P11763,train
P03680,train
P10741,train
P11590,train
P10949,train
P00390,train
P03454,train
P03839,train
P10821,train
P17808,train
P19151,train
P00826,train
P17774,train
P03436,train
P09445,train
P08855,train
P02553,train
P13470,train
P16339,train
P04406,train
P01017,train
P05990,train
P02824,train
P11369,train
P04696,train
P08832,train
P02622,train
P12198,train
P03698,train
P10644,train
P17161,train
P17984,train
P11067,train
P05384,train
P08907,train
P06395,train
P00635,train
P15259,train
P05122,train
P09871,train
P14214,train
P00448,train
P08351,train
P12530,train
P02943,train
P16051,train
P16745,train
P07675,train
P17903,train
P19570,train
P14002,train
P07427,train
P00980,train
P06776,train
P15806,train
P11787,train
P03653,train
P00461,train
P17643,train
P01736,train
P02920,train
P09704,train
P09736,train
P04180,train
P07053,train
P19485,train
P08446,train
P07007,train
P09093,train
P12879,train
P08114,train
P17299,train
P04902,train
P17428,train
P05838,train
P09872,train
P16893,train
P06018,train
P18303,train
P10790,train
P04810,train
P06749,train
P07540,train
P18309,train
P01946,train
P08476,train
P04874,train
P09839,train
P13279,train
P09159,train
P11476,train
P07770,train
P12728,train
P03394,train
P13416,train
P16592,train
P10599,train
P14264,train
P07434,train
P06735,train
P11999,train
P14239,train
P17184,train
P14325,train
P12475,train
P18111,train
P18466,train
P10865,train
P01761,train
P00382,train
P06850,train
P02933,train
P02078,train
P01238,train
P16827,train
P05521,train
P11961,train
P00196,train
P14298,train
P01527,train
P12256,train
P01294,train
P18472,train
P08676,train
P07764,train
P05353,train
P09197,train
P09641,train
P03655,train
P07415,train
P11862,train
P03271,train
P16529,train
P07875,train
P07576,train
P06682,train
P13381,train
P11297,train
P02080,train
P00225,train
P11488,train
P03222,train
P09266,train
P12895,train
P07211,train
P14220,train
P02145,train
P19898,train
P09901,train
P16461,train
P04545,train
P11625,train
P13626,train
P14238,train
P00506,train
P07715,train
P16760,train
P15592,train
P13863,train
P09931,train
P17382,train
P06266,train
P13577,train
P11205,train
P04717,train
P06565,train
P19935,train
P10677,train
P15218,train
P16704,train
P15907,train
P05684,train
P04853,train
P01355,train
P14549,train
P05849,train
P00568,train
P04869,train
P08342,train
P13360,train
P17283,train
P18927,train
P00316,train
P16597,train
P05728,train
P17137,train
P14232,train
P05453,train
P15530,train
P02312,train
P19554,train
P02773,train
P06456,train
P18892,train
P00661,train
P19131,train
P15666,train
P08783,train
P13721,train
P12467,train
P13912,train
P18128,train
P06422,train
P11661,train
P17620,train
P12096,train
P13963,train
P14872,train
P08998,train
P11331,train
P15552,train
P15415,train
P03577,train
P13451,train
P10460,train
P14646,train
P07251,train
P01048,train
P10797,train
P07145,train
P16255,train
P10299,train
P07380,train
P17402,train
P03931,train
P07661,train
P08683,train
P12934,train
P11192,train
P04626,train
P02930,train
P03760,train
P12782,train
P04776,train
P16937,train
P16028,train
P05139,train
P15174,train
P02499,train
P13834,train
P02695,train
P17399,train
P11813,train
P09747,train
P16050,train
P19108,train
P17937,train
P16581,train
P16944,train
P11028,train
P02916,train
P05072,train
P14066,train
P05590,train
P15249,train
P02564,train
P00001,train
P12445,train
P05676,train
P19385,train
P13354,train
P13607,train
P11548,train
P12071,train
P15831,train
P19476,train
P12454,train
P08003,train
P15111,train
P19609,train
P19117,train
P04262,train
P01021,train
P14015,train
P03720,train
P14461,train
P04532,train
P02246,train
P01943,train
P06499,train
P15704,train
P18902,train
P02386,train
P15527,train
P11333,train
P01939,train
P13559,train
P17796,train
P16036,train
P06542,train
P06841,train
P18013,train
P08068,train
P10285,train
P12386,train
P18140,train
P04474,train
P11418,train
P09589,train
P11586,train
P16169,train
P18040,train
P15926,train
P02675,train
P13913,train
P00818,train
P10697,train
P12368,train
P00469,train
P05337,train
P02860,train
P18593,train
P07668,train
P05795,train
P00430,train
P04345,train
P11912,train
P07276,train
P15531,train
P12598,train
P18106,train
P06122,train
P05447,train
P11948,train
P07932,train
P17717,train
P01204,train
P03502,train
P18722,train
P13404,train
P04358,train
P14337,train
P04212,train
P02974,train
P03688,train
P07508,train
P10347,train
P16891,train
P07081,train
P03423,train
P06932,train
P03571,train
P19201,train
P07440,train
P17513,train
P14198,train
P16857,train
P04375,train
P01683,train
P15072,train
P03354,train
P13906,train
P14563,train
P16685,train
P07957,train
P01667,train
P15203,train
P12068,train
P06962,train
P16108,train
P06457,train
P04289,train
P05480,train
P12387,train
P13999,train
P11822,train
P10559,train
P10858,train
P12799,train
P08022,train
P04010,train
P09702,train
P06870,train
P11818,train
P11720,train
P01848,train
P01891,train
P00138,train
P12563,train
P01099,train
P09157,train
P17828,train
P19024,train
P00634,train
P12558,train
P10320,train
P15798,train
P11031,train
P18615,train
P08490,train
P09342,train
P13570,train
P08667,train
P17795,train
P06460,train
P16750,train
P08474,train
P13980,train
P15765,train
P13600,train
P07289,train
P05652,train
P12927,train
P19566,train
P09164,train
P02034,train
P03562,train
P14415,train
P07953,train
P14302,train
P09301,train
P19012,train
P01810,train
P01981,train
P18174,train
P12708,train
P15361,train
P02177,train
P09321,train
P02713,train
P11103,train
P08261,train
P00603,train
P15805,train
P09493,train
P19894,train
P14494,train
P01690,train
P16603,train
P02335,train
P11143,train
P13629,train
P08597,train
P06147,train
P14885,train
P12192,train
P03417,train
P17683,train
P12113,train
P08839,train
P08521,train
P19585,train
P15691,train
P06693,train
P04966,train
P19357,train
P13189,train
P01065,train
P10148,train
P01614,train
P06575,train
P17800,train
P05517,train
P11696,train
P18039,train
P06185,train
P03321,train
P06893,train
P08857,train
P19421,train
P13503,train
P04971,train
P13525,train
P14937,train
P15256,train
P17863,train
P03944,train
P18928,train
P09325,train
P08585,train
P06881,train
P15554,train
P03804,train
P14557,train
P10295,train
P09510,train
P16655,train
P08062,train
P09086,train
P04390,train
P18612,train
P13376,train
P03251,train
P15258,train
P01456,train
P06345,train
P09040,train
P12251,train
P02451,train
P08021,train
P03781,train
P15919,train
P17639,train
P18872,train
P09303,train
P19351,train
P05856,train
P03768,train
P14823,train
P01705,train
P01434,train
P19595,train
P17885,train
P19086,train
P04401,train
P04665,train
P19652,train
P06250,train
P06198,train
P13888,train
P01862,train
P08196,train
P11589,train
P08188,train
P19955,train
P05319,train
P15987,train
P12037,train
P07287,train
P14865,train
P02573,train
P14222,train
P06477,train
P00747,train
P04020,train
P06993,train
P11070,train
P09963,train
P11559,train
P04157,train
P14045,train
P10519,train
P07966,train
P03163,train
P14575,train
P15469,train
P01973,train
P19187,train
P13675,train
P00452,train
P17755,train
P02890,train
P13782,train
P16977,train
P06342,train
P04918,train
P14602,train
P13549,train
P13458,train
P07446,train
P12185,train
P16803,train
P06582,train
P18350,train
P11163,train
P17063,train
P05041,train
P04701,train
P15168,train
P16697,train
P15721,train
P15296,train
P05321,train
P10782,train
P09484,train
P07118,train
P07918,train
P08124,train
P12647,train
P03490,train
P05039,train
P15836,train
P14547,train
P14517,train
P04447,train
P03752,train
P13005,train
P02049,train
P06272,train
P11593,train
P18148,train
P13666,train
P12418,train
P06701,train
P00449,train
P13917,train
P07194,train
P03632,train
P06271,train
P10330,train
P00737,train
P01023,train
P04734,train
P05423,train
P01945,train
P01119,train
P09374,train
P13983,train
P04211,train
P06995,train
P11053,train
P00975,train
P03508,train
P11770,train
P11355,train
P18172,train
P08825,train
P12026,train
P02191,train
P06535,train
P12930,train
P08457,train
P10705,train
P07862,train
P19037,train
P01416,train
P00644,train
P07951,train
P01850,train
P08732,train
P02341,train
P06658,train
P14054,train
P04840,train
P08372,train
P10707,train
P04440,train
P06086,train
P13077,train
P10930,train
P17471,train
P18408,train
P09238,train
P12436,train
P10250,train
P18442,train
P02814,train
P01803,train
P02259,train
P13250,train
P10539,train
P17688,train
P18717,train
P03912,train
P06366,train
P19437,train
P06080,train
P01448,train
P17348,train
P19827,train
P10496,train
P02504,train
P01111,train
P10561,train
P09723,train
P18705,train
P04976,train
P02023,train
P15632,train
P15733,train
P06037,train
P07399,train
P11398,train
P02993,train
P08821,train
P10164,train
P08506,train
P03852,train
P09613,train
P09578,train
P12844,train
P08204,train
P16384,train
P00744,train
P17647,train
P03081,train
P08241,train
P12695,train
P10014,train
P09145,train
P16888,train
P08682,train
P02764,train
P06569,train
P19907,train
P06551,train
P07336,train
P19266,train
P14035,train
P17541,train
P01235,train
P16100,train
P06169,train
P16014,train
P19884,train
P05904,train
P15565,train
P00561,train
P12620,train
P01393,train
P05263,train
P12244,train
P16656,train
P02138,train
P01441,train
P11931,train
P10632,train
P04807,train
P14623,train
P06631,train
P00149,train
P18234,train
P09364,train
P09979,train
P02314,train
P09476,train
P02433,train
P14917,train
P03340,train
P18818,train
P04588,train
P08381,train
P09728,train
P16136,train
P00280,train
P18096,train
P03320,train
P13101,train
P07646,train
P13477,train
P00255,train
P13445,train
P05672,train
P12568,train
P03094,train
P01805,train
P01809,train
P08607,train
P03085,train
P10182,train
P13529,train
P15665,train
P19035,train
P14536,train
P10631,train
P17637,train
P13389,train
P08829,train
P01177,train
P07893,train
P01700,train
P04147,train
P14118,train
P06523,train
P04849,train
P06376,train
P11640,train
P17610,train
P07728,train
P14027,train
P13861,train
P09333,train
P01208,train
P00504,train
P15077,train
P00364,train
P01432,train
P06044,train
P13454,train
P01860,train
P13253,train
P04721,train
P04138,train
P17547,train
P09701,train
P11808,train
P06638,train
P16221,train
P10811,train
P05220,train
P01014,train
P07654,train
P10602,train
P09176,train
P11674,train
P08186,train
P09904,train
P04136,train
P18086,train
P02412,train
P14046,train
P06588,train
P02142,train
P00290,train
P00626,train
P07208,train
P15589,train
P09052,train
P16424,train
P00156,train
P12921,train
P05089,train
P10239,train
P19036,train
P08060,train
P00748,train
P01998,train
P14805,train
P10225,train
P02978,train
P18508,train
P10128,train
P13121,train
P01380,train
P09314,train
P04949,train
P04127,train
P18613,train
P00828,train
P19375,train
P03379,train
P02217,train
P01926,train
P03657,train
P18969,train
P03543,train
P04124,train
P03644,train
P13160,train
P02189,train
P17328,train
P06872,train
P10305,train
P10020,train
P06093,train
P09275,train
P18409,train
P12947,train
P19300,train
P14900,train
P19729,train
P02454,train
P18980,train
P03333,train
P15451,train
P04984,train
P04253,train
P13148,train
P12957,train
P01575,train
P00457,train
P12465,train
P08237,train
P17425,train
P17433,train
P07004,train
P02784,train
P02545,train
P13622,train
P01768,train
P10897,train
P19866,train
P01086,train
P01502,train
P07711,train
P02122,train
P01782,train
P09745,train
P02669,train
P07221,train
P12633,train
P12532,train
P01033,train
P03779,train
P00839,train
P13904,train
P14305,train
P10167,train
P16582,train
P04668,train
P02612,train
P04905,train
P03701,train
P01184,train
P00505,train
P13395,train
P19278,train
P14338,train
P18194,train
P01677,train
P16082,train
P03438,train
P00345,train
P18683,train
P16001,train
P08103,train
P19215,train
P05439,train
P02618,train
P10409,train
P07786,train
P10329,train
P14887,train
P11994,train
P15844,train
P10381,train
P11217,train
P13153,train
P09912,train
P15437,train
P19380,train
P00702,train
P19000,train
P08443,train
P08171,train
P08230,train
P09617,train
P10472,train
P13734,train
P07575,train
P19161,train
P04627,train
P12586,train
P18645,train
P02011,train
P09612,train
P02307,train
P15027,train
P16956,train
P14808,train
P02786,train
P05683,train
P14778,train
P05299,train
P09861,train
P14914,train
P09363,train
P01536,train
P19367,train
P01012,train
P15013,train
P13038,train
P18834,train
P19683,train
P18376,train
P05147,train
P08902,train
P10951,train
P09147,train
P11698,train
P05570,train
P04936,train
P15537,train
P19486,train
P15280,train
P06786,train
P03016,train
P18726,train
P13791,train
P08603,train
P11499,train
P10103,train
P07984,train
P10356,train
P13428,train
P12478,train
P14628,train
P11374,train
P05899,train
P07027,train
P01295,train
P05460,train
P13359,train
P17139,train
P11744,train
P12986,train
P01403,train
P03521,train
P00520,train
P05437,train
P18236,train
P01230,train
P15569,train
P06264,train
P09110,train
P04219,train
P00498,train
P02711,train
P00502,train
P09568,train
P01040,train
P18618,train
P17421,train
P18942,train
P08042,train
P17008,train
P08412,train
P04500,train
P13740,train
P05698,train
P02062,train
P04543,train
P01499,train
P08797,train
P07849,train
P11700,train
P02046,train
P08383,train
P17280,train
P18755,train
P14296,train
P02135,train
P00224,train
P05912,train
P09154,train
P15237,train
P01961,train
P11852,train
P18696,train
P15317,train
P15685,train
P13854,train
P09365,train
P09398,train
P11194,train
P05817,train
P08299,train
P12025,train
P13548,train
P07139,train
P08741,train
P12045,train
P12519,train
P01931,train
P17588,train
P16715,train
P13582,train
P08382,train
P02710,train
P14009,train
P13860,train
P05226,train
P15727,train
P06915,train
P00136,train
P13872,train
P19397,train
P18905,train
P05061,train
P07401,train
P05751,train
P06933,train
P02382,train
P15626,train
P00684,train
P15523,train
P00669,train
P07255,train
P09007,train
P05704,train
P00362,train
P03484,train
P08001,train
P15608,train
P16401,train
P19676,train
P04525,train
P16311,train
P00523,train
P02310,train
P18749,train
P16486,train
P07222,train
P16406,train
P13314,train
P17638,train
P12145,train
P01797,train
P02507,train
P12706,train
P08843,train
P10985,train
P15802,train
P01519,train
P17716,train
P19688,train
P15931,train
P01942,train
P11506,train
P08956,train
P17833,train
P09737,train
P07454,train
P05305,train
P14259,train
P03533,train
P14177,train
P06332,train
P06150,train
P06659,train
P04146,train
P05076,train
P07463,train
P02853,train
P18203,train
P04248,train
P00581,train
P19958,train
P02652,train
P07581,train
P18365,train
P18984,train
P18698,train
P03765,train
P03245,train
P08335,train
P04567,train
P09422,train
P17843,train
P19244,train
P15191,train
P08968,train
P02358,train
P01968,train
P04811,train
P16280,train
P13690,train
P19921,train
P13231,train
P13274,train
P00675,train
P04547,train
P16882,train
P12428,train
P16476,train
P05222,train
P00374,train
P18386,train
P05957,train
P00182,train
P03060,train
P10750,train
P17961,train
P14954,train
P18975,train
P06606,train
P19870,train
P02796,train
P19962,train
P02531,train
P18649,train
P08252,train
P17385,train
P02393,train
P06222,train
P05046,train
P01351,train
P06461,train
P16714,train
P04934,train
P16987,train
P05576,train
P12283,train
P05678,train
P16965,train
P04220,train
P13679,train
P16469,train
P07503,train
P02502,train
P02864,train
P11020,train
P05022,train
P15106,train
P02054,train
P06753,train
P18457,train
P09440,train
P06931,train
P01443,train
P07216,train
P13436,train
P19088,train
P14044,train
P01271,train
P14827,train
P02172,train
P05403,train
P14393,train
P04017,train
P03477,train
P08747,train
P11930,train
P03991,train
P00347,train
P14776,train
P01706,train
P05966,train
P10257,train
P01013,train
P07570,train
P07235,train
P03197,train
P13443,train
P07993,train
P01689,train
P07234,train
P11042,train
P06001,train
P18832,train
P10777,train
P04579,train
P00766,train
P08734,train
P15515,train
P05086,train
P07501,train
P01072,train
P03088,train
P15667,train
P18986,train
P07972,train
P04893,train
P05379,train
P08752,train
P13421,train
P03705,train
P10944,train
P15012,train
P01965,train
P11643,train
P16484,train
P03150,train
P11009,train
P02963,train
P15071,train
P02866,train
P17696,train
P10607,train
P00332,train
P09215,train
P04203,train
P05542,train
P01735,train
P10111,train
P11602,train
P00811,train
P08463,train
P08738,train
P19031,train
P09967,train
P06898,train
P04347,train
P10138,train
P16847,train
P14933,train
P04356,train
P09725,train
P17127,train
P11335,train
P12894,train
P12179,train
P01608,train
P08895,train
P02643,train
P05641,train
P05149,train
P17537,train
P00959,train
P12440,train
P17229,train
P00445,train
P07952,train
P10016,train
P19945,train
P13248,train
P17738,train
P19950,train
P18158,train
P04298,train
P14966,train
P01547,train
P03111,train
P03712,train
P15045,train
P07563,train
P10246,train
P07615,train
P08835,train
P03637,train
P10965,train
P02273,train
P09854,train
P02391,train
P14858,train
P09103,train
P05647,train
P12857,train
P12766,train
P14359,train
P05310,train
P08560,train
P04392,train
P18137,train
P17590,train
P05566,train
P16346,train
P09058,train
P06393,train
P01757,train
P12147,train
P13656,train
P14379,train
P10703,train
P10692,train
P17708,train
P11863,train
P04970,train
P10964,train
P00140,train
P06081,train
P16045,train
P15735,train
P17179,train
P10385,train
P14582,train
P10303,train
P13370,train
P05692,train
P09911,train
P01609,train
P07225,train
P03586,train
P07529,train
P15357,train
P16984,train
P08008,train
P01769,train
P16533,train
P08244,train
P18511,train
P11346,train
P02323,train
P07662,train
P13045,train
P19130,train
P02218,train
P04523,train
P17625,train
P18419,train
P05373,train
P03381,train
P15213,train
P03948,train
P14218,train
P04784,train
P13694,train
P09470,train
P05023,train
P10036,train
P07765,train
P02700,train
P04130,train
P06106,train
P17924,train
P19904,train
P09409,train
P15562,train
P17528,train
P01618,train
P18226,train
P02180,train
P16757,train
P11003,train
P15432,train
P02585,train
P03043,train
P08823,train
P07459,train
P12093,train
P10585,train
P17531,train
P08659,train
P13544,train
P14326,train
P11903,train
P18127,train
P03766,train
P14354,train
P07552,train
P01357,train
P11433,train
P08936,train
P15485,train
P12311,train
P06947,train
P08952,train
P02431,train
P10812,train
P07040,train
P03881,train
P19289,train
P00278,train
P04105,train
P16006,train
P08786,train
P13089,train
P14818,train
P10900,train
P09353,train
P13774,train
P08904,train
P00499,train
P09727,train
P01708,train
P00564,train
P05554,train
P12092,train
P09299,train
P09561,train
P05144,train
P06117,train
P19519,train
P00649,train
P17748,train
P08338,train
P00463,train
P01628,train
P16422,train
P11033,train
P17197,train
P09789,train
P16546,train
P09797,train
P19242,train
P17664,train
P09037,train
P15421,train
P11144,train
P16239,train
P16428,train
P03897,train
P04637,train
P04483,train
P18325,train
P08561,train
P17776,train
P07455,train
P05255,train
P12536,train
P03959,train
P17757,train
P15405,train
P18223,train
P19101,train
P15938,train
P06888,train
P06394,train
P09051,train
P02449,train
P14931,train
P10565,train
P01201,train
P06443,train
P13125,train
P03447,train
P01624,train
P17656,train
P16643,train
P10671,train
P08285,train
P18326,train
P10700,train
P16153,train
P18930,train
P17859,train
P03606,train
P14662,train
P08668,train
P16078,train
P01299,train
P07404,train
P04895,train
P19369,train
P18585,train
P19597,train
P04165,train
P16017,train
P10957,train
P19082,train
P11298,train
P19429,train
P09827,train
P00950,train
P00185,train
P03176,train
P03641,train
P19226,train
P04448,train
P14293,train
P07732,train
P10157,train
P15033,train
P18713,train
P13023,train
P16298,train
P19176,train
P10480,train
P12529,train
P04112,train
P02674,train
P18979,train
P19785,train
P04554,train
P02590,train
P14782,train
P07722,train
P12621,train
P02568,train
P18691,train
P10008,train
P04646,train
P14996,train
P15927,train
P00351,train
P15624,train
P18112,train
P17080,train
P06091,train
P12228,train
P09292,train
P06907,train
P15788,train
P09465,train
P11622,train
P14299,train
P03620,train
P12744,train
P10822,train
P06717,train
P19093,train
P16508,train
P06400,train
P11349,train
P00129,train
P15995,train
P09243,train
P15764,train
P07699,train
P15461,train
P12383,train
P16355,train
P14749,train
P05945,train
P04332,train
P00915,train
P03916,train
P08198,train
P13677,train
P05808,train
P18854,train
P03201,train
P18195,train
P12682,train
P19779,train
P08784,train
P13171,train
P11125,train
P06751,train
P13085,train
P18609,train
P11921,train
P19988,train
P16699,train
P14763,train
P01402,train
P15848,train
P14719,train
P04725,train
P15333,train
P12284,train
P19989,train
P17027,train
P18323,train
P11309,train
P06611,train
P14884,train
P11451,train
P12394,train
P07839,train
P11500,train
P13240,train
P19423,train
P08537,train
P02308,train
P17445,train
P09938,train
P19482,train
P05649,train
P07200,train
P14158,train
P10953,train
P18208,train
P12962,train
P10152,train
P14167,train
P09132,train
P19193,train
P06977,train
P05696,train
P13820,train
P18060,train
P19817,train
P16467,train
P13489,train
P12673,train
P03880,train
P03107,train
P09478,train
P05385,train
P08364,train
P15092,train
P17189,train
P17644,train
P04730,train
P00264,train
P10676,train
P15236,train
P13399,train
P10392,train
P16393,train
P16926,train
P04150,train
P02835,train
P06167,train
P14580,train
P00387,train
P13927,train
P06604,train
P15149,train
P06179,train
P15917,train
P15223,train
P01436,train
P03226,train
P07781,train
P06309,train
P16208,train
P11534,train
P06191,train
P09483,train
P07856,train
P03706,train
P18999,train
P11603,train
P18542,train
P06209,train
P02831,train
P11353,train
P03841,train
P09142,train
P17007,train
P16824,train
P12061,train
P12393,train
P06008,train
P05840,train
P19373,train
P18568,train
P19636,train
P17597,train
P14573,train
P08955,train
P14845,train
P03964,train
P19658,train
P07719,train
P02854,train
P10843,train
P14025,train
P08487,train
P06559,train
P01793,train
P00878,train
P00734,train
P16027,train
P07347,train
P08928,train
P01814,train
P08129,train
P10412,train
P08631,train
P13594,train
P13659,train
P05826,train
P19238,train
P03395,train
P01611,train
P19235,train
P09212,train
P07785,train
P12181,train
P01219,train
P13464,train
P14942,train
P01029,train
P14234,train
P01798,train
P01647,train
P06605,train
P07079,train
P11482,train
P15983,train
P07537,train
P02465,train
P10420,train
P01350,train
P13945,train
P09886,train
P00036,train
P05056,train
P08178,train
P05449,train
P00372,train
P17404,train
P05640,train
P09783,train
P00289,train
P06672,train
P17689,train
P11558,train
P09234,train
P17958,train
P07098,train
P06361,train
P05700,train
P13284,train
P01322,train
P18734,train
P11530,train
P05189,train
P16037,train
P07018,train
P13420,train
P16429,train
P00119,train
P01076,train
P04898,train
P01597,train
P16329,train
P13245,train
P17767,train
P01819,train
P18571,train
P10568,train
P03110,train
P01095,train
P11574,train
P19812,train
P16952,train
P19635,train
P10158,train
P07021,train
P00405,train
P16318,train
P00410,train
P11208,train
P04031,train
P00858,train
P03550,train
P03732,train
P02808,train
P12029,train
P12132,train
P02506,train
P07607,train
P19843,train
P02677,train
P16161,train
P17376,train
P14588,train
P13781,train
P08425,train
P19299,train
P06703,train
P18529,train
P16488,train
P04019,train
P09043,train
P15649,train
P01605,train
P13763,train
P10404,train
P09198,train
P09137,train
P08785,train
P17892,train
P16673,train
P16248,train
P09489,train
P04427,train
P08262,train
P17389,train
P15418,train
P09253,train
P03812,train
P12813,train
P07749,train
P13703,train
P17019,train
P11680,train
P19043,train
P14568,train
P03461,train
P13825,train
P19066,train
P03426,train
P08524,train
P14432,train
P03949,train
P05869,train
P02108,train
P18725,train
P15057,train
P00981,train
P18561,train
P18518,train
P11767,train
P13357,train
P00952,train
P04171,train
P15464,train
P01286,train
P12681,train
P18010,train
P01212,train
P00812,train
P13591,train
P02676,train
P09865,train
P08658,train
P04652,train
P05922,train
P18587,train
P07175,train
P02745,train
P12734,train
P14279,train
P16217,train
P11793,train
P14367,train
P18370,train
P16540,train
P07001,train
P06004,train
P16024,train
P14943,train
P00352,train
P05090,train
P02648,train
P12855,train
P15641,train
P15961,train
P05341,train
P08638,train
P18541,train
P03346,train
P00363,train
P00872,train
P12868,train
P05117,train
P09668,train
P18280,train
P11998,train
P11757,train
P17560,train
P06801,train
P02620,train
P13343,train
P00202,train
P16791,train
P00163,train
P09242,train
P10287,train
P08134,train
P04064,train
P16587,train
P07688,train
P08451,train
P01352,train
P12090,train
P06775,train
P03137,train
P03709,train
P05142,train
P12101,train
P16825,train
P01892,train
P07421,train
P06692,train
P19999,train
P09538,train
P17375,train
P16795,train
P13641,train
P08774,train
P00848,train
P00683,train
P19934,train
P16889,train
P18640,train
P07916,train
P12819,train
P14866,train
P02346,train
P10348,train
P19440,train
P18126,train
P16063,train
P01548,train
P17994,train
P15400,train
P14566,train
P02873,train
P14376,train
P15944,train
P11743,train
P15221,train
P06488,train
P13063,train
P16012,train
P07943,train
P15306,train
P14347,train
P01326,train
P17097,train
P09883,train
P00573,train
P15194,train
P17306,train
P11196,train
P07309,train
P10271,train
P18546,train
P05686,train
P00360,train
P04686,train
P04841,train
P17758,train
P00078,train
P19562,train
P05623,train
P03285,train
P06887,train
P09595,train
P18130,train
P01290,train
P19255,train
P07358,train
P02453,train
P17652,train
P06314,train
P04404,train
P10160,train
P13778,train
P02163,train
P14317,train
P01592,train
P08093,train
P11238,train
P09866,train
P00164,train
P05893,train
P19564,train
P19174,train
P11493,train
P14438,train
P11527,train
P00589,train
P08526,train
P10513,train
P16828,train
P09875,train
P02432,train
P17737,train
P04901,train
P05555,train
P07523,train
P12627,train
P15796,train
P09318,train
P06026,train
P01964,train
P06681,train
P14130,train
P14417,train
P13896,train
P04148,train
P02179,train
P08061,train
P02690,train
P11588,train
P02060,train
P15825,train
P08996,train
P01906,train
P18381,train
P07352,train
P07295,train
P10191,train
P05504,train
P17744,train
P06560,train
P03122,train
P17147,train
P16634,train
P16403,train
P12273,train
P19446,train
P14140,train
P16275,train
P12456,train
P12771,train
P01171,train
P15956,train
P05102,train
P05853,train
P05306,train
P18368,train
P03290,train
P16459,train
P15078,train
P00889,train
P17216,train
P19026,train
P15658,train
P07826,train
P17001,train
P02298,train
P14481,train
P00170,train
P13833,train
P19996,train
P06217,train
P16193,train
P10112,train
P17675,train
P19025,train
P15625,train
P02090,train
P10896,train
P18504,train
P07608,train
P15963,train
P08781,train
P03348,train
P00924,train
P05352,train
P16640,train
P15890,train
P08205,train
P09990,train
P14111,train
P03748,train
P16087,train
P08363,train
P00186,train
P05997,train
P07044,train
P06036,train
P19033,train
P09862,train
P11399,train
P00688,train
P06205,train
P18756,train
P06973,train
P19229,train
P05079,train
P07569,train
P16450,train
P17011,train
P19271,train
P15471,train
P06538,train
P04561,train
P17847,train
P16350,train
P04524,train
P07183,train
P10333,train
P06090,train
P05414,train
P10134,train
P07651,train
P03969,train
P14548,train
P00437,train
P02020,train
P18702,train
P15056,train
P14585,train
P03182,train
P09988,train
P09205,train
P02581,train
P05179,train
P09845,train
P05908,train
P19682,train
P02423,train
P03335,train
P13899,train
P18210,train
P11788,train
P14370,train
P14783,train
P03516,train
P16214,train
P14315,train
P03328,train
P03660,train
P03870,train
P03905,train
P11363,train
P01492,train
P10543,train
P09345,train
P12379,train
P02026,train
P08674,train
P03774,train
P16062,train
P12531,train
P17379,train
P06744,train
P02834,train
P08459,train
P17325,train
P16264,train
P05718,train
P18686,train
P19737,train
P11523,train
P00379,train
P12009,train
P02772,train
P04861,train
P00487,train
P03123,train
P02120,train
P08491,train
P03647,train
P02742,train
P19294,train
P11841,train
P15215,train
P14838,train
P02994,train
P01173,train
P11492,train
P09973,train
P15196,train
P03602,train
P06192,train
P10866,train
P11887,train
P07799,train
P02889,train
P10767,train
P14796,train
P05045,train
P12990,train
P15018,train
P00262,train
P04333,train
P01155,train
P02315,train
P10681,train
P03259,train
P17068,train
P11783,train
P17101,train
P17482,train
P10063,train
P08379,train
P16866,train
P16707,train
P14940,train
P02657,train
P17321,train
P04569,train
P02911,train
P07883,train
P06952,train
P16359,train
P12758,train
P13053,train
P10150,train
P02913,train
P01755,train
P09181,train
P03244,train
P06487,train
P13632,train
P11364,train
P13187,train
P05681,train
P13938,train
P15600,train
P04199,train
P17413,train
P00331,train
P16044,train
P09643,train
P10269,train
P04872,train
P01698,train
P10048,train
P14019,train
P01626,train
P16202,train
P03574,train
P18773,train
P14682,train
P08191,train
P14180,train
P19747,train
P16098,train
P00358,train
P08983,train
P08540,train
P01750,train
P09771,train
P03878,train
P08851,train
P16545,train
P07903,train
P17096,train
P02980,train
P02472,train
P11235,train
P03242,train
P05463,train
P11135,train
P05807,train
P15628,train
P10324,train
P02885,train
P07374,train
P18676,train
P07080,train
P06966,train
P12121,train
P15040,train
P09178,train
P19070,train
P09652,train
P12349,train
P08647,train
P07151,train
P05540,train
P03124,train
P15819,train
P19418,train
P06720,train
P10660,train
P04640,train
P17978,train
P03491,train
P14107,train
P03116,train
P18814,train
P03612,train
P13761,train
P12167,train
P12002,train
P08461,train
P12059,train
P12539,train
P02516,train
P14505,train
P18404,train
P17812,train
P13027,train
P11274,train
P09587,train
P03737,train
P01094,train
P01437,train
P09930,train
P10215,train
P02572,train
P11609,train
P07220,train
P18766,train
P04204,train
P13693,train
P06823,train
P10536,train
P09662,train
P03397,train
P02906,train
P16220,train
P02328,train
P12971,train
P11668,train
P14948,train
P18358,train
P13054,train
P18783,train
P19413,train
P00985,train
P18840,train
P10853,train
P14357,train
P05290,train
P15480,train
P06291,train
P10461,train
P19638,train
P11428,train
P12636,train
P07673,train
P17164,train
P19376,train
P19497,train
P05798,train
P02064,train
P07814,train
P07564,train
P11839,train
P01123,train
P11332,train
P11802,train
P15247,train
P12904,train
P01318,train
P10509,train
P01243,train
P18341,train
P13959,train
P01658,train
P03092,train
P15275,train
P17681,train
P00162,train
P19268,train
P05468,train
P13790,train
P13272,train
P09644,train
P10910,train
P01913,train
P13310,train
P14443,train
P05900,train
P07642,train
P14908,train
P01680,train
P02297,train
P08201,train
P07149,train
P02522,train
P12175,train
P13558,train
P17553,train
P11838,train
P11202,train
P12138,train
P05249,train
P01569,train
P16417,train
P05476,train
P10092,train
P03568,train
P04287,train
P04651,train
P04043,train
P12696,train
P10244,train
P08197,train
P11691,train
P07928,train
P08337,train
P17261,train
P19127,train
P10365,train
P00710,train
P13260,train
P01773,train
P17712,train
P19398,train
P11648,train
P14154,train
P10515,train
P06030,train
P08187,train
P12488,train
P16621,train
P07065,train
P06482,train
P05443,train
P13263,train
P02541,train
P12595,train
P05120,train
P16135,train
P12634,train
P04102,train
P09885,train
P07591,train
P12877,train
P08227,train
P12122,train
P03524,train
P09834,train
P15669,train
P16085,train
P19853,train
P04139,train
P18536,train
P09158,train
P17073,train
P03855,train
P06844,train
P16613,train
P06322,train
P02985,train
P01460,train
P04484,train
P16099,train
P19803,train
P17303,train
P13252,train
P15611,train
P00208,train
P18506,train
P15681,train
P03815,train
P16922,train
P15767,train
P19947,train
P09053,train
P09237,train
P02664,train
P04531,train
P10834,train
P17453,train
P04956,train
P16003,train
P19273,train
P11420,train
P01113,train
P01418,train
P14057,train
P08570,train
P15489,train
P04792,train
P13242,train
P11699,train
P16576,train
P06014,train
P14442,train
P17105,train
P15749,train
P02707,train
P02877,train
P03842,train
P06532,train
P03805,train
P05988,train
P09455,train
P19165,train
P16940,train
P00032,train
P01052,train
P14987,train
P02752,train
P13566,train
P19948,train
P10306,train
P19329,train
P00531,train
P01785,train
P10992,train
P01601,train
P11651,train
P11551,train
P06537,train
P11319,train
P08439,train
P09036,train
P15277,train
P10753,train
P01412,train
P05017,train
P00754,train
P10076,train
P15725,train
P12048,train
P04487,train
P12057,train
P00160,train
P06647,train
P10954,train
P01840,train
P18723,train
P04573,train
P07165,train
P13630,train
P04149,train
P03171,train
P11851,train
P13724,train
P18810,train
P16796,train
P11088,train
P08444,train
P07410,train
P10778,train
P02589,train
P19149,train
P05309,train
P08362,train
P01085,train
P17927,train
P11372,train
P16568,train
P12704,train
P07890,train
P15770,train
P06174,train
P04451,train
P17177,train
P14175,train
P19835,train
P19222,train
P13716,train
P07774,train
P05351,train
P04536,train
P15024,train
P14629,train
P04355,train
P14819,train
P08100,train
P10742,train
P01879,train
P16509,train
P07036,train
P11491,train
P18998,train
P10837,train
P15378,train
P02401,train
P03722,train
P18689,train
P14639,train
P12402,train
P12415,train
P19611,train
P17167,train
P08507,train
P06501,train
P10176,train
P04336,train
P00799,train
P14946,train
P16948,train
P00393,train
P07190,train
P16314,train
P12257,train
P00022,train
P02372,train
P12714,train
P07924,train
P16372,train
P03930,train
P06383,train
P02353,train
P18016,train
P04445,train
P10270,train
P09781,train
P02340,train
P05984,train
P17768,train
P16559,train
P03473,train
P17860,train
P11080,train
P16212,train
P13196,train
P11992,train
P02546,train
P11415,train
P16477,train
P12850,train
P19701,train
P13720,train
P02626,train
P07751,train
P12729,train
P06371,train
P19163,train
P16285,train
P05594,train
P10751,train
P19213,train
P08791,train
P08779,train
P19124,train
P06310,train
P08690,train
P07281,train
P11345,train
P18238,train
P10905,train
P00830,train
P14205,train
P17346,train
P03820,train
P18489,train
P17390,train
P00960,train
P09635,train
P16934,train
P15360,train
P19529,train
P08798,train
P08714,train
P12460,train
P06047,train
P01951,train
P07625,train
P04520,train
P09996,train
P06790,train
P14281,train
P00631,train
P06094,train
P10055,train
P00244,train
P18160,train
P16930,train
P01506,train
P15373,train
P03515,train
P16076,train
P16598,train
P19949,train
P10485,train
P00743,train
P16356,train
P15932,train
P15741,train
P12384,train
P17569,train
P19708,train
P14003,train
P03651,train
P10275,train
P13765,train
P13748,train
P18727,train
P05665,train
P03127,train
P17753,train
P19337,train
P04478,train
P04556,train
P05048,train
P15336,train
P05330,train
P17942,train
P18841,train
P17957,train
P07535,train
P04768,train
P09894,train
P19500,train
P06728,train
P05154,train
P11078,train
P12274,train
P07604,train
P10375,train
P01616,train
P11262,train
P04313,train
P02501,train
P16283,train
P05070,train
P05138,train
P10728,train
P10976,train
P10153,train
P14968,train
P00810,train
P13857,train
P06549,train
P09767,train
P07184,train
P02126,train
P08485,train
P11406,train
P00951,train
P11136,train
P18299,train
P02548,train
P02440,train
P12481,train
P01383,train
P12874,train
P12080,train
P04000,train
P14675,train
P12716,train
P02459,train
P04191,train
P10415,train
P15580,train
P04663,train
P13338,train
P05558,train
P16962,train
P14189,train
P16763,train
P11292,train
P08572,train
P19922,train
P16479,train
P12385,train
P15427,train
P05940,train
P15532,train
P16553,train
P05536,train
P01917,train
P15456,train
P04942,train
P15780,train
P10889,train
P00557,train
P18453,train
P03652,train
P10952,train
P15069,train
P06232,train
P09247,train
P18786,train
P17246,train
P01365,train
P15017,train
P19632,train
P00234,train
P04068,train
P17034,train
P14677,train
P08965,train
P07534,train
P07579,train
P09045,train
P02616,train
P06341,train
P08931,train
P10912,train
P19601,train
P16890,train
P13956,train
P07667,train
P13921,train
P18183,train
P00937,train
P06655,train
P08253,train
P05317,train
P03929,train
P11884,train
P16195,train
P03101,train
P12588,train
P03829,train
P00158,train
P09630,train
P15542,train
P09874,train
P16860,train
P07829,train
P00468,train
P09848,train
P14169,train
P13308,train
P00552,train
P11273,train
P02469,train
P05434,train
P18967,train
P01175,train
P16010,train
P14544,train
P10516,train
P07078,train
P00423,train
P07041,train
P13565,train
P17596,train
P10937,train
P10606,train
P08801,train
P04708,train
P14196,train
P10787,train
P13066,train
P02253,train
P10360,train
P00651,train
P07904,train
P05016,train
P07057,train
P06797,train
P07738,train
P02160,train
P10941,train
P19696,train
P15668,train
P03672,train
P11322,train
P05748,train
P18248,train
P03903,train
P11344,train
P05822,train
P06120,train
P19852,train
P11753,train
P04269,train
P03953,train
P11288,train
P05635,train
P06972,train
P03884,train
P13952,train
P07308,train
P18353,train
P04800,train
P07274,train
P06883,train
P18229,train
P06397,train
P05396,train
P06038,train
P16841,train
P01146,train
P11737,train
P09550,train
P02362,train
P15417,train
P14533,train
P18395,train
P00976,train
P14468,train
P14659,train
P05737,train
P14191,train
P01252,train
P14973,train
P02197,train
P09183,train
P02414,train
P12923,train
P03853,train
P14567,train
P12148,train
P08469,train
P15921,train
P14740,train
P08893,train
P08102,train
P08548,train
P05413,train
P15520,train
P02299,train
P18147,train
P09778,train
P10686,train
P16939,train
P14382,train
P08947,train
P05472,train
P14905,train
P00079,train
P07107,train
P14531,train
P19813,train
P14550,train
P06134,train
P14706,train
P19290,train
P09444,train
P03629,train
P17825,train
P17340,train
P02582,train
P01026,train
P15138,train
P17305,train
P05469,train
P09308,train
P08953,train
P18327,train
P05708,train
P16727,train
P17654,train
P11954,train
P12778,train
P17267,train
P10732,train
P03338,train
P01280,train
P08788,train
P09674,train
P15130,train
P11393,train
P11465,train
P01240,train
P13669,train
P09166,train
P04862,train
P18824,train
P00308,train
P09935,train
P13816,train
P13368,train
P15494,train
P00562,train
P04161,train
P15803,train
P02476,train
P15505,train
P06138,train
P02724,train
P11148,train
P16115,train
P10122,train
P13166,train
P00150,train
P07995,train
P17260,train
P01066,train
P11005,train
P07150,train
P09277,train
P03405,train
P17518,train
P05169,train
P01524,train
P03932,train
P07865,train
P00630,train
P02479,train
P05246,train
P10846,train
P04144,train
P10184,train
P12275,train
P08593,train
P06848,train
P11365,train
P18839,train
P02732,train
P04706,train
P13572,train
P17985,train
P13375,train
P08946,train
P16427,train
P19246,train
P03360,train
P06556,train
P14590,train
P04242,train
P18770,train
P12076,train
P19403,train
P18577,train
P00508,train
P17771,train
P16309,train
P07915,train
P00602,train
P19943,train
P11665,train
P16854,train
P04156,train
P18524,train
P14364,train
P16993,train
P12292,train
P17682,train
P19137,train
P13526,train
P18451,train
P05532,train
P08293,train
P13838,train
P04058,train
P10349,train
P18799,train
P14416,train
P11631,train
P08768,train
P10915,train
P00501,train
P15186,train
P06441,train
P13685,train
P10573,train
P19986,train
P15334,train
P07197,train
P00798,train
P03040,train
P08648,train
P14462,train
P05679,train
P15075,train
P16623,train
P00988,train
P10408,train
P17248,train
P15431,train
P01747,train
P17154,train
P19282,train
P19604,train
P01158,train
P00703,train
P07812,train
P12348,train
P14007,train
P17427,train
P13923,train
P09317,train
P09976,train
P06214,train
P13648,train
P04132,train
P11383,train
P07431,train
P15934,train
P12369,train
P02074,train
P00120,train
P14807,train
P03933,train
P10716,train
P09582,train
P07744,train
P13305,train
P16994,train
P06479,train
P18061,train
P10765,train
P01269,train
P14449,train
P03329,train
P01691,train
P05773,train
P16659,train
P14864,train
P12400,train
P17823,train
P07846,train
P00910,train
P15185,train
P16625,train
P04695,train
P16483,train
P04692,train
P04306,train
P08685,train
P10923,train
P16700,train
P18823,train
P02731,train
P01503,train
P00997,train
P16290,train
P07173,train
P15312,train
P08422,train
P01002,train
P13422,train
P13753,train
P04738,train
P19914,train
P02682,train
P16023,train
P09997,train
P13707,train
P15498,train
P16756,train
P00006,train
P04953,train
P09534,train
P19610,train
P11209,train
P07298,train
P16711,train
P19478,train
P05522,train
P12698,train
P14543,train
P17287,train
P17839,train
P13604,train
P05619,train
P12612,train
P07441,train
P00215,train
P04084,train
P07061,train
P14262,train
P12943,train
P05065,train
P08028,train
P09380,train
P00560,train
P05511,train
P17212,train
P01009,train
P18067,train
P00612,train
P11018,train
P03212,train
P18470,train
P03826,train
P01645,train
P12459,train
P14067,train
P10286,train
P00843,train
P06737,train
P03787,train
P08684,train
P03032,train
P03803,train
P05765,train
P12211,train
P11701,train
P01115,train
P05815,train
P02488,train
P15757,train
P03955,train
P16724,train
P13364,train
P02349,train
P09225,train
P12757,train
P15354,train
P10352,train
P12168,train
P16519,train
P11883,train
P02344,train
P14414,train
P12158,train
P01323,train
P18993,train
P13995,train
P03126,train
P17901,train
P13003,train
P06822,train
P16708,train
P02001,train
P12358,train
P18730,train
P17524,train
P05324,train
P01986,train
P19783,train
P05508,train
P16002,train
P15384,train
P13842,train
P03095,train
P13213,train
P03158,train
P09359,train
P09415,train
P08145,train
P16654,train
P11285,train
P08136,train
P15652,train
P19022,train
P02231,train
P10698,train
P06879,train
P04564,train
P11906,train
P08997,train
P06557,train
P00323,train
P06991,train
P04479,train
P19404,train
P00689,train
P19703,train
P18087,train
P15827,train
P13281,train
P04772,train
P00443,train
P04225,train
P09698,train
P15391,train
P11313,train
P17599,train
P03241,train
P19589,train
P19896,train
P17378,train
P18176,train
P13579,train
P08762,train
P00590,train
P16907,train
P07629,train
P19514,train
P18165,train
P08757,train
P19248,train
P08915,train
P02613,train
P14969,train
P12685,train
P09061,train
P18199,train
P19959,train
P15906,train
P08036,train
P15270,train
P19098,train
P16013,train
P19854,train
P03858,train
P06210,train
P01005,train
P06103,train
P11378,train
P02603,train
P00711,train
P00795,train
P08199,train
P16507,train
P08195,train
P15841,train
P12967,train
P12804,train
P01767,train
P12373,train
P15001,train
P07736,train
P00554,train
P06139,train
P08914,train
P03530,train
P05419,train
P07262,train
P08689,train
P11367,train
P12479,train
P00132,train
P07855,train
P15792,train
P05976,train
P03675,train
P12137,train
P09203,train
P06625,train
P18292,train
P14190,train
P06433,train
P17114,train
P03561,train
P17604,train
P06889,train
P01988,train
P08995,train
P17241,train
P10650,train
P00340,train
P14210,train
P10872,train
P10054,train
P01413,train
P09249,train
P14964,train
P13393,train
P03696,train
P11281,train
P02846,train
P04739,train
P10629,train
P02891,train
P01293,train
P01520,train
P11008,train
P15285,train
P17873,train
P07447,train
P10876,train
P15095,train
P00656,train
P07619,train
P08861,train
P03223,train
P05444,train
P00403,train
P14263,train
P15345,train
P00044,train
P11786,train
P07082,train
P19963,train
P12786,train
P06034,train
P08632,train
P13574,train
P18759,train
P09331,train
P02288,train
P02183,train
P03982,train
P13099,train
P03500,train
P12439,train
P18170,train
P09448,train
P19074,train
P12643,train
P17393,train
P08497,train
P18134,train
P06857,train
P18831,train
P13497,train
P04860,train
P00203,train
P13623,train
P05277,train
P11732,train
P19633,train
P08716,train
P03462,train
P04436,train
P16315,train
P19228,train
P00038,train
P14316,train
P07487,train
P04008,train
P08617,train
P05432,train
P15867,train
P08793,train
P02407,train
P03455,train
P04638,train
P08096,train
P16972,train
P10892,train
P08712,train
P13362,train
P00223,train
P05291,train
P10241,train
P03112,train
P10841,train
P03990,train
P01192,train
P04343,train
P03724,train
P18658,train
P04259,train
P07919,train
P00834,train
P11924,train
P02574,train
P05821,train
P02601,train
P12188,train
P07697,train
P18362,train
P17734,train
P10637,train
P06818,train
P03738,train
P04050,train
P10185,train
P18768,train
P13335,train
P00325,train
P09454,train
P14363,train
P19473,train
P04183,train
P06839,train
P13072,train
P13853,train
P18461,train
P17721,train
P19617,train
P04311,train
P03489,train
P13747,train
P17894,train
P04489,train
P17577,train
P14701,train
P11046,train
P06976,train
P12300,train
P11336,train
P07092,train
P05836,train
P03430,train
P02199,train
P04503,train
P08859,train
P05595,train
P06407,train
P07026,train
P15104,train
P05312,train
P07414,train
P07779,train
P01331,train
P04844,train
P00300,train
P17372,train
P15929,train
P18527,train
P08525,train
P09521,train
P04817,train
P09889,train
P13974,train
P01918,train
P17275,train
P07177,train
P00769,train
P12569,train
P10643,train
P17702,train
P09811,train
P05721,train
P09391,train
P12200,train
P10471,train
P12768,train
P11855,train
P10694,train
P10151,train
P16141,train
P18246,train
P11440,train
P04965,train
P16341,train
P04471,train
P12205,train
P05134,train
P15679,train
P11567,train
P06529,train
P05105,train
P04677,train
P11708,train
P11742,train
P12254,train
P04773,train
P08138,train
P09542,train
P08635,train
P14670,train
P07126,train
P00831,train
P06772,train
P11183,train
P17112,train
P17169,train
P11608,train
P03282,train
P19092,train
P18607,train
P07821,train
P15881,train
P01285,train
P17119,train
P13496,train
P06088,train
P14603,train
P16369,train
P05256,train
P16668,train
P07598,train
P10748,train
P19052,train
P19424,train
P06116,train
P13897,train
P10586,train
P09490,train
P11866,train
P07909,train
P18843,train
P19762,train
P00063,train
P08370,train
P07983,train
P08656,train
P01902,train
P04091,train
P02181,train
P10021,train
P05993,train
P07531,train
P07083,train
P08416,train
P14350,train
P12087,train
P09921,train
P16879,train
P12587,train
P09435,train
P17542,train
P05344,train
P01728,train
P15351,train
P07585,train
P16327,train
P18448,train
P03761,train
P14609,train
P13907,train
P00720,train
P05002,train
P14711,train
P03770,train
P02330,train
P03052,train
P04432,train
P06251,train
P19138,train
P19578,train
P06910,train
P01135,train
P09274,train
P16250,train
P01089,train
P18434,train
P08286,train
P02976,train
P18157,train
P04601,train
P09055,train
P06677,train
P11825,train
P19544,train
P04107,train
P05960,train
P16323,train
P17520,train
P06408,train
P10458,train
P13191,train
P12832,train
P07028,train
P19495,train
P01831,train
P14691,train
P02373,train
P16647,train
P06756,train
P13792,train
P12142,train
P11675,train
P18926,train
P07438,train
P10849,train
P14886,train
P13366,train
P04755,train
P13215,train
P17468,train
P06949,train
P18135,train
P06923,train
P15866,train
P07193,train
P12032,train
P02109,train
P00444,train
P06520,train
P13797,train
P16583,train
P10522,train
P08686,train
P10729,train
P12344,train
P00107,train
P04583,train
P05691,train
P18446,train
P00165,train
P12576,train
P08891,train
P07502,train
P07588,train
P16982,train
P16116,train
P13881,train
P14274,train
P09091,train
P17386,train
P16562,train
P05383,train
P03664,train
P16710,train
P00698,train
P00178,train
P18985,train
P03148,train
P15700,train
P17064,train
P01472,train
P13672,train
P13033,train
P07513,train
P19270,train
P01820,train
P01241,train
P05356,train
P06891,train
P01741,train
P06892,train
P13138,train
P19481,train
P00094,train
P12710,train
P06448,train
P06886,train
P09762,train
P02761,train
P07172,train
P05451,train
P09160,train
P12201,train
P07400,train
P11780,train
P15093,train
P07112,train
P11381,train
P09399,train
P08429,train
P19003,train
P05307,train
P04958,train
P04095,train
P00979,train
P12159,train
P13095,train
P04452,train
P00679,train
P19814,train
P06644,train
P15105,train
P11510,train
P04922,train
P13593,train
P17113,train
P19391,train
P00638,train
P02292,train
P09048,train
P08132,train
P19520,train
P18367,train
P08988,train
P19608,train
P14219,train
P01937,train
P17392,train
P00809,train
P15662,train
P19889,train
P04442,train
P09095,train
P02833,train
P12589,train
P11972,train
P18406,train
P10080,train
P17724,train
P03757,train
P16120,train
P08157,train
P12970,train
P02520,train
P09822,train
P02809,train
P05744,train
P01898,train
P15103,train
P18416,train
P05085,train
P18575,train
P07367,train
P03355,train
P10898,train
P03886,train
P07734,train
P03753,train
P06011,train
P15795,train
P11178,train
P08389,train
P16595,train
P07979,train
P11842,train
P17023,train
P19612,train
P17752,train
P15121,train
P11189,train
P00940,train
P04464,train
P06052,train
P05193,train
P03659,train
P13673,train
P11261,train
P17289,train
P14833,train
P14744,train
P07014,train
P02210,train
P12194,train
P18411,train
P19576,train
P08916,train
P14899,train
P10231,train
P08908,train
P08047,train
P18253,train
P02517,train
P05091,train
P19684,train
P04765,train
P15766,train
P16281,train
P02529,train
P00067,train
P19637,train
P01328,train
P06099,train
P08875,train
P03445,train
P12110,train
P06987,train
P13407,train
P12078,train
P12022,train
P08067,train
P19936,train
P11460,train
P01579,train
P07573,train
P05094,train
P04073,train
P13241,train
P09006,train
P18733,train
P18141,train
P08414,train
P15052,train
P19078,train
P07613,train
P12281,train
P06821,train
P09033,train
P19094,train
P06084,train
P09012,train
P06288,train
P07242,train
P00727,train
P19765,train
P05187,train
P06231,train
P03610,train
P00484,train
P13545,train
P11562,train
P19984,train
P01236,train
P15707,train
P08275,train
P19987,train
P16374,train
P02127,train
P11834,train
P18715,train
P16292,train
P10279,train
P07801,train
P07729,train
P04550,train
P13512,train
P09925,train
P01490,train
P03682,train
P03344,train
P12018,train
P12424,train
P01153,train
P10556,train
P15970,train
P12566,train
P13135,train
P03514,train
P13481,train
P08976,train
P11263,train
P03811,train
P16614,train
P03882,train
P12038,train
P15982,train
P01475,train
P05215,train
P14667,train
P02236,train
P06353,train
P05230,train
P18359,train
P11245,train
P18417,train
P18731,train
P12143,train
P00402,train
P01929,train
P16898,train
P08312,train
P12509,train
P10175,train
P15701,train
P03547,train
P02442,train
P06425,train
P09451,train
P10975,train
P13262,train
P04671,train
P19876,train
P01449,train
P03002,train
P13051,train
P12750,train
P06714,train
P15265,train
P11021,train
P17962,train
P18083,train
P08407,train
P18503,train
P10389,train
P09881,train
P01098,train
P06787,train
P08020,train
P09642,train
P05496,train
P15533,train
P10662,train
P17171,train
P00174,train
P02171,train
P01607,train
P09182,train
P19302,train
P15968,train
P09030,train
P18633,train
P12723,train
P04580,train
P19891,train
P00070,train
P19740,train
P15980,train
P09313,train
P03558,train
P15847,train
P00210,train
P10982,train
P18125,train
P16262,train
P04075,train
P11251,train
P04316,train
P16004,train
P17584,train
P13394,train
P11864,train
P04642,train
P07845,train
P09122,train
P03700,train
P08466,train
P00567,train
P12988,train
P01963,train
P16687,train
P00528,train
P08569,train
P07747,train
P19002,train
P19147,train
P01488,train
P16976,train
P15616,train
P15823,train
P14976,train
P12140,train
P04218,train
P13941,train
P01887,train
P00098,train
P19577,train
P01653,train
P02460,train
P11081,train
P17621,train
P19175,train
P13456,train
P16396,train
P17817,train
P00833,train
P11878,train
P15038,train
P08107,train
P12501,train
P00104,train
P00596,train
P05155,train
P05018,train
P14764,train
P16052,train
P19054,train
P05891,train
P09050,train
P01186,train
P02243,train
P17634,train
P03736,train
P04044,train
P12753,train
P09177,train
P16219,train
P08013,train
P08929,train
P01893,train
P10961,train
P19064,train
P03374,train
P18154,train
P00546,train
P02818,train
P07474,train
P03875,train
P11890,train
P19325,train
P08356,train
P14574,train
P08155,train
P03806,train
P14114,train
P19964,train
P03667,train
P06978,train
P10366,train
P08287,train
P02447,train
P16657,train
P17362,train
P12083,train
P15947,train
P13345,train
P13664,train
P18501,train
P10332,train
P15692,train
P04850,train
P00926,train
P01756,train
P07486,train
P14390,train
P18758,train
P00880,train
P10611,train
P03168,train
P04099,train
P01994,train
P00705,train
P04943,train
P18871,train
P01307,train
P12262,train
P09459,train
P09944,train
P18162,train
P01474,train
P05783,train
P09351,train
P07297,train
P12893,train
P14113,train
P01774,train
P15226,train
P13578,train
P14708,train
P09356,train
P06149,train
P11234,train
P06299,train
P06738,train
P07153,train
P10868,train
P07461,train
P11329,train
P03103,train
P06642,train
P18206,train
P01912,train
P07506,train
P10304,train
P16852,train
P15264,train
P11784,train
P07961,train
P18668,train
P14345,train
P19722,train
P04460,train
P18913,train
P17493,train
P11051,train
P01345,train
P02988,train
P03913,train
P05529,train
P15322,train
P03031,train
P00084,train
P01970,train
P03250,train
P15232,train
P05601,train
P08445,train
P00049,train
P14798,train
P19135,train
P11404,train
P13829,train
P17878,train
P02999,train
P00746,train
P03859,train
P19206,train
P11885,train
P03220,train
P17264,train
P14793,train
P01896,train
P11624,train
P19456,train
P19771,train
P13273,train
P02928,train
P17581,train
P12701,train
P08072,train
P14168,train
P01461,train
P09430,train
P05971,train
P19969,train
P09021,train
P11019,train
P16849,train
P13506,train
P17110,train
P04430,train
P07783,train
P01071,train
P07277,train
P03908,train
P08536,train
P16402,train
P07617,train
P01878,train
P09608,train
P13220,train
P15871,train
P09450,train
P13268,train
P14395,train
P13336,train
P02631,train
P08646,train
P10738,train
P11583,train
P09685,train
P07927,train
P05135,train
P01423,train
P16103,train
P07169,train
P03922,train
P15517,train
P04085,train
P15224,train
P02463,train
P01807,train
P05166,train
P06579,train
P09787,train
P02068,train
P08827,train
P16324,train
P02343,train
P17784,train
P09481,train
P09829,train
P19111,train
P04394,train
P17456,train
P11979,train
P17190,train
P10680,train
P06921,train
P08024,train
P10503,train
P01059,train
P02076,train
P09731,train
P10636,train
P12245,train
P07755,train
P00453,train
P19487,train
P19677,train
P06045,train
P08066,train
P07143,train
P03707,train
P07303,train
P08894,train
P03021,train
P08492,train
P11293,train
P17536,train
P11626,train
P17844,train
P03412,train
P08917,train
P18555,train
P18704,train
P08398,train
P13291,train
P04855,train
P01495,train
P02767,train
P04113,train
P15615,train
P09496,train
P11425,train
P18711,train
P18602,train
P08319,train
P01857,train
P16864,train
P19396,train
P04591,train
P03899,train
P11549,train
P12036,train
P05950,train
P04094,train
P19503,train
P11454,train
P06561,train
P17698,train
P05894,train
P11203,train
P06144,train
P18996,train
P01406,train
P19047,train
P16861,train
P05930,train
P04321,train
P16426,train
P19533,train
P13587,train
P16820,train
P03080,train
P00414,train
P06937,train
P19844,train
P01712,train
P04267,train
P06663,train
P01984,train
P01030,train
P03174,train
P17846,train
P16257,train
P08420,train
P12688,train
P15379,train
P08824,train
P13440,train
P07991,train
P00738,train
P06108,train
P09970,train
P07064,train
P14386,train
P06833,train
P10265,train
P03871,train
P07031,train
P04047,train
P14572,train
P02209,train
P13575,train
P02691,train
P17043,train
P17042,train
P09193,train
P19818,train
P02544,train
P10939,train
P06686,train
P07789,train
P10467,train
P00796,train
P11946,train
P00056,train
P19858,train
P16602,train
P01870,train
P06206,train
P04370,train
P18103,train
P04719,train
P00016,train
P15609,train
P19056,train
P01217,train
P00726,train
P16400,train
P12031,train
P18099,train
P02919,train
P10773,train
P14633,train
P16549,train
P16302,train
P15597,train
P14377,train
P03246,train
P19436,train
P07258,train
P19144,train
P05261,train
P12783,train
P15490,train
P08014,train
P13599,train
P18074,train
P06145,train
P16279,train
P08868,train
P19186,train
P13972,train
P16999,train
P01884,train
P11351,train
P11402,train
P09437,train
P05543,train
P06121,train
P01389,train
P13756,train
P11937,train
P07016,train
P01914,train
P16746,train
P04501,train
P00699,train
P06161,train
P09087,train
P04348,train
P00080,train
P01522,train
P07948,train
P11055,train
P00820,train
P16236,train
P17162,train
P15311,train
P11408,train
P08529,train
P01789,train
P01330,train
P16251,train
P17291,train
P16345,train
P07232,train
P13712,train
P15146,train
P18774,train
P01451,train
P08243,train
P04617,train
P19393,train
P15399,train
P00903,train
P04277,train
P07365,train
P11871,train
P16274,train
P14351,train
P17948,train
P03917,train
P01778,train
P06350,train
P00109,train
P11206,train
P07684,train
P12204,train
P06954,train
P02007,train
P04635,train
P04731,train
P08611,train
P07682,train
P15407,train
P08616,train
P00578,train
P15762,train
P04249,train
P17276,train
P10229,train
P13230,train
P19607,train
P16903,train
P01655,train
P06615,train
P07425,train
P11660,train
P05863,train
P16258,train
P00695,train
P10078,train
P02602,train
P07571,train
P01426,train
P03626,train
P11809,train
P13743,train
P03566,train
P14509,train
P16332,train
P11113,train
P13392,train
P09019,train
P00307,train
P11694,train
P07318,train
P02428,train
P03130,train
P05075,train
P04419,train
P09244,train
P12212,train
P14664,train
P01265,train
P03183,train
P11060,train
P02466,train
P11911,train
P00772,train
P19409,train
P01003,train
P08371,train
P10795,train
P11816,train
P19159,train
P14579,train
P16438,train
P08627,train
P01447,train
P18981,train
P16465,train
P15208,train
P08242,train
P05926,train
P18349,train
P11899,train
P02621,train
P15837,train
P04389,train
P16458,train
P15856,train
P02369,train
P09216,train
P12592,train
P03941,train
P06607,train
P09774,train
P12261,train
P18119,train
P06296,train
P07982,train
P18133,train
P02390,train
P13237,train
P19231,train
P10899,train
P12136,train
P04633,train
P02004,train
P10735,train
P18357,train
P16307,train
P10002,train
P06695,train
P12644,train
P18657,train
P19371,train
P07988,train
P02030,train
P10065,train
P09366,train
P03115,train
P18129,train
P03384,train
P00774,train
P19569,train
P05839,train
P05404,train
P13699,train
P01649,train
P07226,train
P15060,train
P08604,train
P07653,train
P14225,train
P08396,train
P11314,train
P18603,train
P11774,train
P18974,train
P13446,train
P10719,train
P13940,train
P15606,train
P16514,train
P14878,train
P03351,train
P17359,train
P02534,train
P16951,train
P09798,train
P17517,train
P11940,train
P17070,train
P14273,train
P14244,train
P01131,train
P16378,train
P01315,train
P13918,train
P09687,train
P10529,train
P11362,train
P02278,train
P00356,train
P19857,train
P19464,train
P06292,train
P11997,train
P06333,train
P16851,train
P04097,train
P11973,train
P03495,train
P19892,train
P00507,train
P01239,train
P02688,train
P07377,train
P11882,train
P01229,train
P17401,train
P07263,train
P12377,train
P12202,train
P04729,train
P06447,train
P04282,train
P17874,train
P11915,train
P18120,train
P15990,train
P12044,train
P05859,train
P17499,train
P18136,train
P04889,train
P17300,train
P13316,train
P09335,train
P12608,train
P15037,train
P08567,train
P10936,train
P13110,train
P05093,train
P01675,train
P16548,train
P10827,train
P07771,train
P14137,train
P03817,train
P02272,train
P15101,train
P03498,train
P04836,train
P12473,train
P03595,train
P01001,train
P05107,train
P16539,train
P06505,train
P07655,train
P10799,train
P02832,train
P00294,train
P03449,train
P00864,train
P15282,train
P00879,train
P01563,train
P15617,train
P14141,train
P01979,train
P12222,train
P04508,train
P08523,train
P09700,train
P17889,train
P11030,train
P06806,train
P09508,train
P03910,train
P16591,train
P17187,train
P04334,train
P00135,train
P10815,train
P01325,train
P13893,train
P14307,train
P18444,train
P12833,train
P14970,train
P04662,train
P11535,train
P02503,train
P11249,train
P14730,train
P16367,train
P07807,train
P13146,train
P15272,train
P13471,val
P17947,val
P03446,val
P00758,val
P04025,val
P02651,val
P10479,val
P11312,val
P15006,val
P15563,val
P05501,val
P15268,val
P08194,val
P19868,val
P09385,val
P01642,val
P08297,val
P10046,val
P10469,val
P13951,val
P00263,val
P16055,val
P15292,val
P09969,val
P17692,val
P06386,val
P06458,val
P16779,val
P02269,val
P14569,val
P07161,val
P10829,val
P06267,val
P07306,val
P12668,val
P06953,val
P08751,val
P04261,val
P19557,val
P11479,val
P18091,val
P13964,val
P01157,val
P11745,val
P07458,val
P07397,val
P09328,val
P02647,val
P08587,val
P06759,val
P12156,val
P18480,val
P02492,val
P06061,val
P07319,val
P02550,val
P09585,val
P11395,val
P12356,val
P03506,val
P16961,val
P02304,val
P18660,val
P16992,val
P07775,val
P08770,val
P07271,val
P13309,val
P01180,val
P02580,val
P19912,val
P12367,val
P14254,val
P16520,val
P09396,val
P10413,val
P12520,val
P11472,val
P01062,val
P10491,val
P09425,val
P10847,val
P12129,val
P17458,val
P10630,val
P03999,val
P19358,val
P19534,val
P19277,val
P11240,val
P01613,val
P04162,val
P04643,val
P10410,val
P10088,val
P13911,val
P15015,val
P08410,val
P07396,val
P08084,val
P13522,val
P00709,val
P02961,val
P01164,val
P16966,val
P05034,val
P07706,val
P06239,val
P15143,val
P03371,val
P08052,val
P04364,val
P06263,val
P18492,val
P12939,val
P10619,val
P07558,val
P06432,val
P13925,val
P02628,val
P07370,val
P08892,val
P13169,val
P05208,val
P18960,val
P14160,val
P14430,val
P04273,val
P14106,val
P01699,val
P00994,val
P03717,val
P03519,val
P15728,val
P06731,val
P08853,val
P04622,val
P18952,val
P06745,val
P11632,val
P10948,val
P12999,val
P14041,val
P06489,val
P00962,val
P10870,val
P17262,val
P08130,val
P00235,val
P05262,val
P11927,val
P04989,val
P19651,val
P05127,val
P18124,val
P08301,val
P11518,val
P18412,val
P09383,val
P18333,val
P18961,val
P13425,val
P16232,val
P11957,val
P04393,val
P06175,val
P17478,val
P16176,val
P10618,val
P05888,val
P09196,val
P14059,val
P15584,val
P19629,val
P01028,val
P11750,val
P17403,val
P12187,val
P08614,val
P18387,val
P18254,val
P04863,val
P03957,val
P10199,val
P10885,val
P17353,val
P04214,val
P07687,val
P08094,val
P15454,val
P16261,val
P18454,val
P02404,val
P01603,val
P03399,val
P04475,val
P00861,val
P10995,val
P17857,val
P16683,val
P18735,val
P13728,val
P01476,val
P08927,val
P16865,val
P17568,val
P08373,val
P17380,val
P05405,val
P06548,val
P07328,val
P11519,val
P14521,val
P10132,val
P03648,val
P12663,val
P09890,val
P02570,val
P01081,val
P17198,val
P13431,val
P08534,val
P18034,val
P11093,val
P17227,val
P02894,val
P04239,val
P14707,val
P05733,val
P16886,val
P00252,val
P08538,val
P16256,val
P13727,val
P14991,val
P06259,val
P00923,val
P08228,val
P14285,val
P16690,val
P11986,val
P15799,val
P17991,val
P08704,val
P13401,val
P10884,val
P16049,val
P16737,val
P19642,val
P08612,val
P11766,val
P17838,val
P11403,val
P18486,val
P11514,val
P02663,val
P16500,val
P13644,val
P12886,val
P19846,val
P05553,val
P12747,val
P11253,val
P03038,val
P19334,val
P08002,val
P01541,val
P00800,val
P07663,val
P07809,val
P13719,val
P14320,val
P19455,val
P10909,val
P06002,val
P14112,val
P09338,val
P19344,val
P15448,val
P16254,val
P01585,val
P03064,val
P10740,val
P18363,val
P19645,val
P09322,val
P15195,val
P11377,val
P14658,val
P11328,val
P13969,val
P10518,val
P04720,val
P18781,val
P17044,val
P10205,val
P13537,val
P18693,val
P05113,val
P17256,val
P06281,val
P13766,val
P07493,val
P18670,val
P05999,val
P06072,val
P01080,val
P03966,val
P09261,val
P10307,val
P16554,val
P09746,val
P01435,val
P00586,val
P15705,val
P12630,val
P00991,val
P11443,val
P13611,val
P18688,val
P12392,val
P16735,val
P19189,val
P06384,val
P00526,val
P13678,val
P05505,val
P07051,val
P02634,val
P03463,val
P00613,val
P13530,val
P15935,val
P04667,val
P11676,val
P06312,val
P03342,val
P08951,val
P16289,val
P05978,val
P06996,val
P13744,val
P16933,val
P01808,val
P15177,val
P04826,val
P10911,val
P07614,val
P11386,val
P15089,val
P15850,val
P00233,val
P10506,val
P05358,val
P02895,val
P10950,val
P04293,val
P10771,val
P00781,val
P01106,val
P14846,val
P16771,val
P11097,val
P14902,val
P11290,val
P17797,val
P00010,val
P17441,val
P11582,val
P09213,val
P07113,val
P12635,val
P14982,val
P13397,val
P03887,val
P11705,val
P12447,val
P03353,val
P19331,val
P10674,val
P08531,val
P06279,val
P13317,val
P02193,val
P16379,val
P12960,val
P09913,val
P10614,val
P09306,val
P02395,val
P06204,val
P03074,val
P02670,val
P19234,val
P18027,val
P14812,val
P08346,val
P11657,val
P01410,val
P00458,val
P19211,val
P10816,val
P08015,val
P02498,val
P18058,val
P06498,val
P06914,val
P05318,val
P19157,val
P08238,val
P14840,val
P13670,val
P07567,val
P05967,val
P16043,val
P11215,val
P17002,val
P02630,val
P03894,val
P17539,val
P03352,val
P07553,val
P18827,val
P02043,val
P15543,val
P16945,val
P02378,val
P07822,val
P08629,val
P13711,val
P00473,val
P17146,val
P04935,val
P12021,val
P01752,val
P01143,val
P07429,val
P12912,val
P00361,val
P12330,val
P14079,val
P05267,val
P03301,val
P12298,val
P15945,val
P18242,val
P10801,val
P13356,val
P11231,val
P19663,val
P14207,val
P14511,val
P00034,val
P04897,val
P09138,val
P13111,val
P04077,val
P16742,val
P07449,val
P10623,val
P17567,val
P14098,val
P07432,val
P01234,val
P16415,val
P00124,val
P03485,val
P08505,val
P01493,val
P17417,val
P12404,val
P07683,val
P19103,val
P15079,val
P12846,val
P16504,val
P02780,val
P16942,val
P09227,val
P01739,val
P03605,val
P17728,val
P10035,val
P10400,val
P04559,val
P04135,val
P17848,val
P12039,val
P00413,val
P02061,val
P02075,val
P07685,val
P19141,val
P13350,val
P06587,val
P17608,val
P19471,val
P19198,val
P13145,val
P13873,val
P14634,val
P18965,val
P18572,val
P14849,val
P13944,val
P08315,val
P05401,val
P14891,val
P09628,val
P17010,val
P04477,val
P04142,val
P05895,val
P12631,val
P04222,val
P06852,val
P02486,val
P03921,val
P03012,val
P00482,val
P09002,val
P04305,val
P02147,val
P02450,val
P11988,val
P03759,val
P07795,val
P06770,val
P07199,val
P07504,val
P08454,val
P03694,val
P18360,val
P03221,val
P05848,val
P09948,val
P12549,val
P13302,val
P06275,val
P18488,val
P16887,val
P16246,val
P15473,val
P13025,val
P09210,val
P14070,val
P10994,val
P17875,val
P13708,val
P07981,val
P09915,val
P07873,val
P12839,val
P01595,val
P12841,val
P06057,val
P08037,val
P15644,val
P11943,val
P18908,val
P12248,val
P10608,val
P18553,val
P00784,val
P08744,val
P16969,val
P16635,val
P06035,val
P00228,val
P05638,val
P03819,val
P02671,val
P08512,val
P06734,val
P15339,val
P11065,val
P10407,val
P16411,val
P16801,val
P17414,val
P04397,val
P05757,val
P12272,val
P14971,val
P05771,val
P19015,val
P11218,val
P12730,val
P16159,val
P17266,val
P05722,val
P18888,val
P17149,val
P09707,val
P11278,val
P18620,val
P14710,val
P19553,val
P09423,val
P13492,val
P19621,val
P05860,val
P04363,val
P13014,val
P09113,val
P00953,val
P06635,val
P03476,val
P07778,val
P02281,val
P02045,val
P03382,val
P03575,val
P07125,val
P04057,val
P02338,val
P14080,val
P08634,val
P12622,val
P07152,val
P13387,val
P11683,val
P13349,val
P05008,val
P13352,val
P03911,val
P14278,val
P16269,val
P02538,val
P17430,val
P00342,val
P10564,val
P17442,val
P07780,val
P07241,val
P14226,val
P19167,val
P05596,val
P17559,val
P07282,val
P16308,val
P01996,val
P14193,val
P01249,val
P14883,val
P19872,val
P01102,val
P04409,val
P04933,val
P01802,val
P10887,val
P11405,val
P04756,val
P06040,val
P03893,val
P02922,val
P01596,val
P00500,val
P10869,val
P18507,val
P09679,val
P07840,val
P10007,val
P13804,val
P09799,val
P01320,val
P12163,val
P02322,val
P09235,val
P18143,val
P10430,val
P00621,val
P19383,val
P10819,val
P01105,val
P17370,val
P11542,val
P18142,val
P10144,val
P02419,val
P17798,val
P13303,val
P11754,val
P12866,val
P09766,val
P11310,val
P13984,val
P12339,val
P14224,val
P18556,val
P12946,val
P12878,val
P18340,val
P08630,val
P18906,val
P01068,val
P11741,val
P11575,val
P05268,val
P10921,val
P07403,val
P15447,val
P01754,val
P14586,val
P00761,val
P16790,val
P10739,val
P12455,val
P05790,val
P13488,val
P13219,val
P03711,val
P19790,val
P02705,val
P07369,val
P05245,val
P14920,val
P11247,val
P12103,val
P03318,val
P06704,val
P15386,val
P10774,val
P03554,val
P06255,val
P00030,val
P05368,val
P01584,val
P13412,val
P12762,val
P12887,val
P16645,val
P15540,val
P11561,val
P03370,val
P00957,val
P18205,val
P14419,val
P06388,val
P03740,val
P18746,val
P01185,val
P05816,val
P05736,val
P12703,val
P10015,val
P11711,val
P18476,val
P11746,val
P14146,val
P08926,val
P11709,val
P11738,val
P03305,val
P02096,val
P08326,val
P11061,val
P03345,val
P10810,val
P09706,val
P10216,val
P10688,val
P08176,val
P06763,val
P14941,val
P17215,val
P06627,val
P03006,val
P14702,val
P11727,val
P09680,val
P01586,val
P06825,val
P01092,val
P07117,val
P07132,val
P15575,val
P08181,val
P12426,val
P14472,val
P15273,val
P09958,val
P07634,val
P16265,val
P19317,val
P17669,val
P09305,val
P09571,val
P03172,val
P07453,val
P01688,val
P08573,val
P07723,val
P14042,val
P15269,val
P19017,val
P05582,val
P01429,val
P06208,val
P09639,val
P11963,val
P06522,val
P06810,val
P17790,val
P09114,val
P12577,val
P14903,val
P07965,val
P11091,val
P19265,val
P11935,val
P16425,val
P01047,val
P06033,val
P12152,val
P16607,val
P02339,val
P17909,val
P10935,val
P10422,val
P03670,val
P13867,val
P01823,val
P00251,val
P06060,val
P04387,val
P06927,val
P08510,val
P18801,val
P07712,val
P18647,val
P14428,val
P06918,val
P09651,val
P05183,val
P07969,val
P02857,val
P03968,val
P16366,val
P02143,val
P04702,val
P16092,val
P13185,val
P19112,val
P15438,val
P12929,val
P07315,val
P08982,val
P05591,val
P08109,val
P03071,val
P03053,val
P17503,val
P00193,val
P10428,val
P00265,val
P14102,val
P06950,val
P11685,val
P15942,val
P05174,val
P01734,val
P08409,val
P19168,val
P01291,val
P10378,val
P00467,val
P19879,val
P14332,val
P17659,val
P07681,val
P02650,val
P17078,val
P07746,val
P18263,val
P07793,val
P03782,val
P15659,val
P06564,val
P03504,val
P16870,val
P19374,val
P13878,val
P15371,val
P13931,val
P09671,val
P13060,val
P01407,val
P07515,val
P12600,val
P18510,val
P10575,val
P13639,val
P10759,val
P19732,val
P08175,val
P19181,val
P11104,val
P08583,val
P01832,val
P12958,val
P12950,val
P07566,val
P00134,val
P06830,val
P18006,val
P15976,val
P09583,val
P16754,val
P19296,val
P09971,val
P09000,val
P09315,val
P19895,val
P06462,val
P00986,val
P12789,val
P08691,val
P19303,val
P17350,val
P00451,val
P18256,val
P15571,val
P17815,val
P17829,val
P13780,val
P08600,val
P10523,val
P15131,val
P06942,val
P12867,val
P10359,val
P08087,val
P10156,val
P18791,val
P13508,val
P08886,val
P00687,val
P15657,val
P09922,val
P13008,val
P13785,val
P12719,val
P05959,val
P10756,val
P01666,val
P00012,val
P02379,val
P11706,val
P15209,val
P14303,val
P14842,val
P02530,val
P16142,val
P00336,val
P10804,val
P19883,val
P02665,val
P13793,val
P12352,val
P16009,val
P07877,val
P07068,val
P17420,val
P01193,val
P15338,val
P08663,val
P05702,val
P01260,val
P00625,val
P04913,val
P00254,val
P06632,val
P11338,val
P09381,val
P10850,val
P10085,val
P08618,val
P15860,val
P18895,val
P09488,val
P18632,val
P04582,val
P01643,val
P11605,val
P19177,val
P08789,val
P15394,val
P14514,val
P12611,val
P04052,val
P13930,val
P11166,val
P01130,val
P03240,val
P05724,val
P03494,val
P00259,val
P06303,val
P06525,val
P02587,val
P09757,val
P16928,val
P00312,val
P13843,val
P19931,val
P13973,val
P00777,val
P03470,val
P19702,val
P02397,val
P09600,val
P05394,val
P13028,val
P05581,val
P10558,val
P17769,val
P17160,val
P14405,val
P01132,val
P00886,val
P12997,val
P00397,val
P07373,val
P19655,val
P08137,val
P01477,val
P09627,val
P14672,val
P19249,val
P04459,val
P11342,val
P11122,val
P12721,val
P13100,val
P03128,val
P13617,val
P07240,val
P10068,val
P06226,val
P12221,val
P19507,val
P18548,val
P05137,val
P17408,val
P05479,val
P19067,val
P06221,val
P11740,val
P11254,val
P19567,val
P15843,val
P18270,val
P13203,val
P04911,val
P13521,val
P01982,val
P19468,val
P05663,val
P13971,val
P01341,val
P00566,val
P11928,val
P08336,val
P07286,val
P10718,val
P03238,val
P12498,val
P17084,val
P06873,val
P16721,val
P17671,val
P15358,val
P18361,val
P00161,val
P09828,val
P04202,val
P19443,val
P11407,val
P19099,val
P01508,val
P00027,val
P05780,val
P02646,val
P01714,val
P15640,val
P01491,val
P17667,val
P16005,val
P18344,val
P08010,val
P05562,val
P08700,val
P02380,val
P15754,val
P05336,val
P01640,val
P04324,val
P11614,val
P13802,val
P16035,val
P14069,val
P16228,val
P05250,val
P09358,val
P12351,val
P06859,val
P17237,val
P14247,val
P16593,val
P18132,val
P06013,val
P07436,val
P02932,val
P08777,val
P15984,val
P05850,val
P00014,val
P02164,val
P04630,val
P06696,val
P13482,val
P15466,val
P02644,val
P14335,val
P08168,val
P03433,val
P19100,val
P14040,val
P13152,val
P05011,val
P00932,val
P16117,val
P16768,val
P00575,val
P03745,val
P06597,val
P11601,val
P05424,val
P04346,val
P16691,val
P10000,val
P17181,val
P16775,val
P18249,val
P00479,val
P00966,val
P19547,val
P17691,val
P18200,val
P07179,val
P09554,val
P17930,val
P10171,val
P09813,val
P05456,val
P12350,val
P15157,val
P09532,val
P00359,val
P10173,val
P13080,val
P07899,val
P06070,val
P08135,val
P02945,val
P13786,val
P03304,val
P13447,val
P14329,val
P13807,val
P10651,val
P07210,val
P12216,val
P09128,val
P00116,val
P01600,val
P07638,val
P11673,val
P17507,val
P13300,val
P04602,val
P05364,val
P01894,val
P11040,val
P17000,val
P02740,val
P09129,val
P01057,val
P01296,val
P14157,val
P09092,val
P17310,val
P01469,val
P10391,val
P13705,val
P12370,val
P09062,val
P05030,val
P06320,val
P18932,val
P06671,val
P14074,val
P05510,val
P17195,val
P04418,val
P18565,val
P06550,val
P05433,val
P02333,val
P06244,val
P01083,val
P14709,val
P15745,val
P16818,val
P08817,val
P03535,val
P09324,val
P14073,val
P08670,val
P09917,val
P14221,val
P00836,val
P18653,val
P13614,val
P12884,val
P01720,val
P07603,val
P03496,val
P16821,val
P14616,val
P05461,val
P02624,val
P16016,val
P00400,val
P14010,val
P09763,val
P18748,val
P12725,val
P19326,val
P15385,val
P10582,val
P17466,val
P06480,val
P10634,val
P02965,val
P13115,val
P08059,val
P11424,val
P05689,val
P15522,val
P14984,val
P10712,val
P15084,val
P17546,val
P13402,val
P16805,val
P03164,val
P06803,val
P17418,val
P09920,val
P14412,val
P07868,val
P03009,val
P02226,val
P14103,val
P12276,val
P18682,val
P12864,val
P11581,val
P11347,val
P05333,val
P16532,val
P19457,val
P12375,val
P09428,val
P11525,val
P15440,val
P02870,val
P19973,val
P03225,val
P06506,val
P15883,val
P11137,val
P10499,val
P08645,val
P05668,val
P09650,val
P14051,val
P04529,val
P09647,val
P04152,val
P14599,val
P08473,val
P01253,val
P09622,val
P04981,val
P01232,val
P04894,val
P09070,val
P13592,val
P17715,val
P02351,val
P05662,val
P15152,val
P09748,val
P09337,val
P06219,val
P15307,val
P08017,val
P08182,val
P07602,val
P13650,val
P01336,val
P08699,val
P12890,val
P05911,val
P01876,val
P12331,val
P00277,val
P07189,val
P13306,val
P09898,val
P01430,val
P08819,val
P14760,val
P04223,val
P05314,val
P10542,val
P16611,val
P09354,val
P07253,val
P19823,val
P00090,val
P02596,val
P07499,val
P08641,val
P10874,val
P05497,val
P17141,val
P00268,val
P08589,val
P02513,val
P05349,val
P02614,val
P02649,val
P06351,val
P08302,val
P15882,val
P17751,val
P03029,val
P16271,val
P15328,val
P09978,val
P09636,val
P17640,val
P10830,val
P02938,val
P00956,val
P16223,val
P05326,val
P08413,val
P11762,val
P12979,val
P15774,val
P10446,val
P13192,val
P18001,val
P16026,val
P16723,val
P09640,val
P14576,val
P08935,val
P17842,val
P01533,val
P15155,val
P06143,val
P01576,val
P01206,val
P16856,val
P11655,val
P18077,val
P18267,val
P05631,val
P00946,val
P03186,val
P08082,val
P07203,val
P01306,val
P18538,val
P13580,val
P07630,val
P04899,val
P10395,val
P15187,val
P10094,val
P08329,val
P18471,val
P00614,val
P12246,val
P00471,val
P14972,val
P15409,val
P02081,val
P18427,val
P06077,val
P07476,val
P16981,val
P05200,val
P07782,val
P17153,val
P17120,val
P02678,val
P02214,val
P19693,val
P17986,val
P09241,val
P00823,val
P06676,val
P19333,val
P17387,val
P04472,val
P18035,val
P18247,val
P05080,val
P18038,val
P00916,val
P12082,val
P09334,val
P01319,val
P17254,val
P07733,val
P02861,val
P02830,val
P19281,val
P04820,val
P12065,val
P11967,val
P08672,val
P14831,val
P07543,val
P00677,val
P08162,val
P05524,val
P14541,val
P19046,val
P11524,val
P15313,val
P13845,val
P03683,val
P02110,val
P14482,val
P05659,val
P07574,val
P00353,val
P06476,val
P16240,val
P07448,val
P19545,val
P18661,val
P13444,val
P08173,val
P13173,val
P00416,val
P11056,val
P06466,val
P06799,val
P03453,val
P04714,val
P11334,val
P10852,val
P15180,val
P18995,val
P05493,val
P15227,val
P18884,val
P14441,val
P04757,val
P07578,val
P03243,val
P12286,val
P07838,val
P03919,val
P09962,val
P09929,val
P12711,val
P14673,val
P02100,val
P17968,val
P06795,val
P02753,val
P05259,val
P11098,val
P08896,val
P16536,val
P00636,val
P04395,val
P13815,val
P05574,val
P16905,val
P04398,val
P11725,val
P18971,val
P10550,val
P17511,val
P08273,val
P17919,val
P05694,val
P07362,val
P09388,val
P16151,val
P13264,val
P02909,val
P03456,val
P01724,val
P01791,val
P13898,val
P10364,val
P10725,val
P01780,val
P13991,val
P18452,val
P07304,val
P18623,val
P08963,val
P18110,val
P00893,val
P11340,val
P15031,val
P00004,val
P19105,val
P10261,val
P15436,val
P00938,val
P13067,val
P17069,val
P09372,val
P15414,val
P08884,val
P08941,val
P03011,val
P19546,val
P04873,val
P01558,val
P04190,val
P16566,val
P10616,val
P13667,val
P15551,val
P08705,val
P19571,val
P07886,val
P18328,val
P10127,val
P19516,val
P02927,val
P14797,val
P10058,val
P05527,val
P10502,val
P16502,val
P12933,val
P15521,val
P00897,val
P09927,val
P15199,val
P01671,val
P13040,val
P16792,val
P13174,val
P04045,val
P16365,val
P09653,val
P02912,val
P12987,val
P12027,val
P01684,val
P09171,val
P02354,val
P14401,val
P06536,val
P02816,val
P15965,val
P00057,val
P13542,val
P04666,val
P16336,val
P10507,val
P04494,val
P01397,val
P07357,val
P12954,val
P15915,val
P02029,val
P06750,val
P08967,val
P02079,val
P07279,val
P13803,val
P17439,val
P00643,val
P00792,val
P15482,val
P11156,val
P04538,val
P06553,val
P15639,val
P12327,val
P00425,val
P17211,val
P11302,val
P09756,val
P17672,val
P04625,val
P13653,val
P12544,val
P08834,val
P18775,val
P06634,val
P05121,val
P04744,val
P04229,val
P02184,val
P10436,val
P04991,val
P06472,val
P14491,val
P02070,val
P06207,val
P13943,val
P05878,val
P01740,val
P10934,val
P02798,val
P09851,val
P18792,val
P04762,val
P15074,val
P04557,val
P10646,val
P18100,val
P06793,val
P03617,val
P11155,val
P10196,val
P05537,val
P15815,val
P05381,val
P06862,val
P05283,val
P12341,val
P05584,val
P10104,val
P03004,val
P01801,val
P19975,val
P17037,val
P01633,val
P08550,val
P02699,val
P09407,val
P07803,val
P19419,val
P03078,val
P11923,val
P11529,val
P06133,val
P06999,val
P19008,val
P15412,val
P11877,val
P02024,val
P17033,val
P18402,val
P11619,val
P03597,val
P09547,val
P07908,val
P01145,val
P19125,val
P13905,val
P14896,val
P06463,val
P12639,val
P03167,val
P12991,val
P02474,val
P13323,val
P02384,val
P16322,val
P14733,val
P06119,val
P16644,val
P00153,val
P09870,val
P16286,val
P19792,val
P16444,val
P02862,val
P08918,val
P05295,val
P09231,val
P13246,val
P19613,val
P00125,val
P13783,val
P06539,val
P16473,val
P06503,val
P09968,val
P19679,val
P07252,val
P10642,val
P01440,val
P10140,val
P11004,val
P10346,val
P19697,val
P08984,val
P11198,val
P19499,val
P18322,val
P18779,val
P02115,val
P13598,val
P05282,val
P11993,val
P19594,val
P08240,val
P11857,val
P05115,val
P18445,val
P00246,val
P19083,val
P15324,val
P16666,val
P08048,val
P03166,val
P11073,val
P11075,val
P18422,val
P13862,val
P07805,val
P12856,val
P06049,val
P14795,val
P16097,val
P15211,val
P04175,val
P01900,val
P14026,val
P15573,val
P16139,val
P08517,val
P15308,val
P05445,val
P12468,val
P11716,val
P19719,val
P12512,val
P08421,val
P13937,val
P05603,val
P16589,val
P15553,val
P05473,val
P17281,val
P04141,val
P05013,val
P08608,val
P12253,val
P19560,val
P15289,val
P14652,val
P07156,val
P12510,val
P03525,val
P07510,val
P18431,val
P09192,val
P11768,val
P05998,val
P17629,val
P09977,val
P10625,val
P12852,val
P11047,val
P17679,val
P14978,val
P09598,val
P01298,val
P00604,val
P13619,val
P00998,val
P14526,val
P09873,val
P13692,val
P02132,val
P09349,val
P02627,val
P02878,val
P18590,val
P19118,val
P11641,val
P01940,val
P03041,val
P01948,val
P18978,val
P18491,val
P18652,val
P10483,val
P18923,val
P12677,val
P18784,val
P00534,val
P08905,val
P05910,val
P01248,val
P14959,val
P07881,val
P13992,val
P09710,val
P08232,val
P07898,val
P11508,val
P04018,val
P04915,val
P03145,val
P03343,val
P14545,val
P11901,val
P19410,val
P10009,val
P15156,val
P08032,val
P16032,val
P18432,val
P02092,val
P10166,val
P05625,val
P02232,val
P09280,val
P18079,val
P18829,val
P11642,val
P17152,val
P18232,val
P06500,val
P02376,val
P17492,val
P14365,val
P09703,val
P17058,val
P19833,val
P13900,val
P06809,val
P01369,val
P10097,val
P06969,val
P02802,val
P00983,val
P11456,val
P12570,val
P14929,val
P05382,val
P13568,val
P18953,val
P17469,val
P08758,val
P14979,val
P15452,val
P19469,val
P01606,val
P01462,val
P14084,val
P07512,val
P18879,val
P11294,val
P08435,val
P00841,val
P12063,val
P09690,val
P06078,val
P18192,val
P10339,val
P04606,val
P04829,val
P16658,val
P17294,val
P14183,val
P10186,val
P19695,val
P10873,val
P11045,val
P14535,val
P17251,val
P06699,val
P19605,val
P19502,val
P03057,val
P03542,val
P09891,val
P04257,val
P17858,val
P02872,val
P08040,val
P12001,val
P16029,val
P15398,val
P16485,val
P04206,val
P00770,val
P06252,val
P04428,val
P03162,val
P13628,val
P06834,val
P17426,val
P08723,val
P02991,val
P07114,val
P07105,val
P11400,val
P05938,val
P01371,val
P12567,val
P02277,val
P15433,val
P10284,val
P17124,val
P04271,val
P16997,val
P00464,val
P06643,val
P01701,val
P04074,val
P00013,val
P06228,val
P01897,val
P13149,val
P04115,val
P09880,val
P16218,val
P06982,val
P03020,val
P04563,val
P12304,val
P04198,val
P08034,val
P05916,val
P17880,val
P14145,val
P06336,val
P08404,val
P10842,val
P06409,val
P06838,val
P18102,val
P08854,val
P09754,val
P14181,val
P07259,val
P03010,val
P01216,val
P07076,val
P15341,val
P08464,val
P14349,val
P09830,val
P19110,val
P18230,val
P02153,val
P03687,val
P10367,val
P17134,val
P14655,val
P00043,val
P10230,val
P05972,val
P08210,val
P13560,val
P02136,val
P12150,val
P06109,val
P16093,val
P12557,val
P18003,val
P18626,val
P12072,val
P18045,val
P03196,val
P03636,val
P16237,val
P19983,val
P18184,val
P07497,val
P11618,val
P14890,val
P08097,val
P08076,val
P01279,val
P05362,val
P05380,val
P08582,val
P17802,val
P07762,val
P08426,val
P07316,val
P00018,val
P12397,val
P12689,val
P09637,val
P08796,val
P06009,val
P11361,val
P18889,val
P12752,val
P09393,val
P17749,val
P12597,val
P04892,val
P08601,val
P17612,val
P13994,val
P11438,val
P09761,val
P17484,val
P12000,val
P18214,val
P17130,val
P06967,val
P11949,val
P15810,val
P15091,val
P14504,val
P07964,val
P12070,val
P16626,val
P18836,val
P15585,val
P14674,val
P12203,val
P17897,val
P18857,val
P09162,val
P15821,val
P03772,val
P11628,val
P15768,val
P05657,val
P19971,val
P06337,val
P00881,val
P06545,val
P14116,val
P11226,val
P05633,val
P04628,val
P10890,val
P14126,val
P08899,val
P03638,val
P01401,val
P10003,val
P10691,val
P07787,val
P07522,val
P03639,val
P15044,val
P01682,val
P15784,val
P05806,val
P00870,val
P01088,val
P09720,val
P10654,val
P10548,val
P04071,val
P01043,val
P17108,val
P07825,val
P14663,val
P09240,val
P01989,val
P02635,val
P05464,val
P18675,val
P12848,val
P08553,val
P07878,val
P06568,val
P13535,val
P03211,val
P09852,val
P18279,val
P18070,val
P01124,val
P17278,val
P10029,val
P03125,val
P10197,val
P07024,val
P13294,val
P04842,val
P00516,val
P15290,val
P18708,val
P02430,val
P01753,val
P09369,val
P17046,val
P09289,val
P14032,val
P04496,val
P08403,val
P03289,val
P10663,val
P01518,val
P15189,val
P14499,val
P15612,val
P15458,val
P01639,val
P06183,val
P12443,val
P17928,val
P01874,val
P11388,val
P08551,val
P16041,val
P03478,val
P03467,val
P01567,val
P16936,val
P11181,val
P14179,val
P14810,val
P05611,val
P10584,val
P03488,val
P00230,val
P04694,val
P19694,val
P09125,val
P13851,val
P13449,val
P17791,val
P08721,val
P08177,val
P07375,val
P05777,val
P11419,val
P02422,val
P10044,val
P06202,val
P03334,val
P06295,val
P16844,val
P02551,val
P14486,val
P12258,val
P00269,val
P12516,val
P00329,val
P17902,val
P19916,val
P18352,val
P13278,val
P04951,val
P05280,val
P00967,val
P11396,val
P18037,val
P05843,val
P12652,val
P06546,val
P12290,val
P09370,val
P08639,val
P16126,val
P06943,val
P05949,val
P09742,val
P07757,val
P18109,val
P10053,val
P03676,val
P18522,val
P05607,val
P06334,val
P11635,val
P17329,val
P17746,val
P01133,val
P00696,val
P11094,val
P02714,val
P05083,val
P04291,val
P04880,val
P17653,val
P06590,val
P04089,val
P12540,val
P18175,val
P19324,val
P09753,val
P08887,val
P18909,val
P11639,val
P16689,val
P17506,val
P10678,val
P03152,val
P03539,val
P18938,val
P12670,val
P05613,val
P03900,val
P01664,val
P12770,val
P12693,val
P02667,val
P01999,val
P08366,val
P16133,val
P01027,val
P17253,val
P15504,val
P11431,val
P11382,val
P17970,val
P07218,val
P18912,val
P17619,val
P18118,val
P01242,val
P08055,val
P16174,val
P02069,val
P07060,val
P15070,val
P19250,val
P04163,val
P03269,val
P12739,val
P11064,val
P12422,val
P10067,val
P06515,val
P12313,val
P19902,val
P04076,val
P07773,val
P16368,val
P14149,val
P11360,val
P07851,val
P10226,val
P08743,val
P08359,val
P06679,val
P07473,val
P16807,val
P12362,val
P09497,val
P04385,val
P14174,val
P17614,val
P06429,val
P13021,val
P17357,val
P00190,val
P07589,val
P14671,val
P03169,val
P15049,val
P17515,val
P14457,val
P00609,val
P00550,val
P04843,val
P14668,val
P11824,val
P12908,val
P09857,val
P02874,val
P07686,val
P17530,val
P11397,val
P16646,val
P00253,val
P16276,val
P19960,val
P14170,val
P08314,val
P02176,val
P07188,val
P08545,val
P06685,val
P19819,val
P16299,val
P00931,val
P04119,val
P14110,val
P00906,val
P18047,val
P13547,val
P18237,val
P16070,val
P03563,val
P16501,val
P08056,val
P13841,val
P16610,val
P05892,val
P07740,val
P09914,val
P13887,val
P01205,val
P17176,val
P05813,val
P02408,val
P10696,val
P11797,val
P05395,val
P06131,val
P01221,val
P13293,val
P07111,val
P00317,val
P02783,val
P06392,val
P11022,val
P02028,val
P03311,val
P09540,val
P11069,val
P08016,val
P05874,val
P08317,val
P02944,val
P17881,val
P04368,val
P08847,val
P12555,val
P10576,val
P05858,val
P00392,val
P14562,val
P16057,val
P12457,val
P05165,val
P05669,val
P04877,val
P02119,val
P11118,val
P12177,val
P03497,val
P18245,val
P03735,val
P11435,val
P13922,val
P14282,val
P00041,val
P18856,val
P14952,val
P15884,val
P05218,val
P19530,val
P04690,val
P12514,val
P06929,val
P17204,val
P14256,val
P12034,val
P07714,val
P19412,val
P11544,val
P18574,val
P18547,val
P14945,val
P02477,val
P19346,val
P13939,val
P09824,val
P00389,val
P10775,val
P07945,val
P13569,val
P16090,val
P19822,val
P15655,val
P11225,val
P01415,val
P10066,val
P12364,val
P10302,val
P16678,val
P00817,val
P16524,val
P00267,val
P18385,val
P09104,val
P12219,val
P07202,val
P01885,val
P07416,val
P04866,val
P09570,val
P01847,val
P19164,val
P16912,val
P05073,val
P11587,val
P06382,val
P10684,val
P06468,val
P12405,val
P17785,val
P12347,val
P11679,val
P15747,val
P07827,val
P08272,val
P05457,val
P00659,val
P06700,val
P19786,val
P19128,val
P18716,val
P10013,val
P18502,val
P11962,val
P17534,val
P11713,val
P13229,val
P00383,val
P05720,val
P06514,val
P06352,val
P13889,val
P09056,val
P17199,val
P04118,val
P19859,val
P06716,val
P10836,val
P07777,val
P19715,val
P02270,val
P04684,val
P07077,val
P10441,val
P12317,val
P11893,val
P00099,val
P04615,val
P09414,val
P05883,val
P01811,val
P15041,val
P01604,val
P02130,val
P19438,val
P10384,val
P08974,val
P03527,val
P00829,val
P06195,val
P14998,val
P08376,val
P11001,val
P15142,val
P11252,val
P16793,val
P09531,val
P04858,val
P10434,val
P07405,val
P17040,val
P16084,val
P18750,val
P13211,val
P13832,val
P00512,val
P11645,val
P05956,val
P05890,val
P11870,val
P11902,val
P11483,val
P00273,val
P00130,val
P09273,val
P05131,val
P00668,val
P13109,val
P09106,val
P16363,val
P16925,val
P18899,val
P00209,val
P14236,val
P06428,val
P04741,val
P18838,val
P16995,val
P10835,val
P15492,val
P19029,val
P12328,val
P03236,val
P00854,val
P08740,val
P11557,val
P11012,val
P13270,val
P03866,val
P05954,val
P15241,val
P04240,val
P18177,val
P07346,val
P06189,val
P16732,val
P11174,val
P08544,val
P00216,val
P06262,val
P19378,val
P03607,val
P16719,val
P12575,val
P00350,val
P08091,val
P03725,val
P04366,val
P01822,val
P13057,val
P04086,val
P07705,val
P11111,val
P09645,val
P04328,val
P08554,val
P04618,val
P04014,val
P07022,val
P14679,val
P15430,val
P19733,val
P15758,val
P14815,val
P08806,val
P00947,val
P04754,val
P03316,val
P01127,val
P04769,val
P18521,val
P08756,val
P03385,val
P10345,val
P07418,val
P15724,val
P00885,val
P04049,val
P18966,val
P14301,val
P19315,val
P19314,val
P11468,val
P07244,val
P13651,val
P06897,val
P10685,val
P08975,val
P12790,val
P10717,val
P15920,val
P10591,val
P05867,val
P07857,val
P13427,val
P15816,val
P06495,val
P06811,val
P07833,val
P01039,val
P12396,val
P10578,val
P09117,val
P19185,val
P08452,val
P01627,val
P00584,val
P19513,val
P12674,val
P17956,val
P12940,val
P10218,val
P03788,val
P19509,val
P13936,val
P02791,val
P01873,val
P14806,val
P02642,val
P05946,val
P04742,val
P05885,val
P17220,val
P01795,val
P05789,val
P16900,val
P18255,val
P08999,val
P18901,val
P07307,val
P09367,val
P16924,val
P04414,val
P14187,val
P17446,val
P03336,val
P08494,val
P17566,val
P10652,val
P13328,val
P04904,val
P01163,val
P14398,val
P11782,val
P08782,val
P08737,val
P13405,val
P05053,val
P10281,val
P05776,val
P16171,val
P11749,val
P08300,val
P02990,val
P06496,val
P04037,val
P19603,val
P19666,val
P08006,val
P10977,val
P15548,val
P16897,val
P01431,val
P03540,val
P11976,val
P06107,val
P08000,val
P04761,val
P12372,val
P13130,val
P03326,val
P11387,val
P09228,val
P18235,val
P18914,val
P07430,val
P17222,val
P17242,val
P09530,val
P17025,val
P09991,val
P09336,val
P08981,val
P02124,val
P15192,val
P15695,val
P09823,val
P14813,val
P10534,val
P00133,val
P17779,val
P18055,val
P02077,val
P19842,val
P01980,val
P19646,val
P03389,val
P17941,val
P18549,val
P00489,val
P13058,val
P19264,val
P06391,val
P01251,val
P18113,val
P13859,val
P10323,val
P14689,val
P09068,val
P14237,val
P15986,val
P18313,val
P18873,val
P14584,val
P07456,val
P13493,val
P11573,val
P11250,val
P06912,val
P11546,val
P10704,val
P03891,val
P12191,val
P14510,val
P11820,val
P14881,val
P09957,val
P18477,val
P15094,val
P12157,val
P09769,val
P10894,val
P09602,val
P10057,val
P14852,val
P01725,val
P15479,val
P00808,val
P19541,val
P16526,val
P02697,val
P08282,val
P17741,val
P17494,val
P11896,val
P14290,val
P01993,val
P00838,val
P17337,val
P04295,val
P01591,val
P06326,val
P12623,val
P11153,val
P19200,val
P02058,val
P04061,val
P00898,val
P14246,val
P02829,val
P12107,val
P05661,val
P08814,val
P17618,val
P15151,val
P04205,val
P10665,val
P14371,val
P09999,val
P11048,val
P01281,val
P02302,val
P03293,val
P11016,val
P07264,val
P14638,val
P10041,val
P06368,val
P10918,val
P02996,val
P19909,val
P17563,val
P13283,val
P19528,val
P01187,val
P05980,val
P13932,val
P02105,val
P17334,val
P02852,val
P14630,val
P09013,val
P00490,val
P18181,val
P05750,val
P07033,val
P02776,val
P19905,val
P00008,val
P02901,val
P14460,val
P19606,val
P13009,val
P08933,val
P08911,val
P08019,val
P11147,val
P03037,val
P01783,val
P19775,val
P18274,val
P16186,val
P06955,val
P09352,val
P06885,val
P11467,val
P07340,val
P06199,val
P12091,val
P07158,val
P15846,val
P15722,val
P19522,val
P14119,val
P19183,val
P13024,val
P08023,val
P01381,val
P16998,val
P13379,val
P06363,val
P12580,val
P01572,val
P11669,val
P15083,val
P13418,val
P18606,val
P13070,val
P05801,val
P18931,val
P13976,val
P05516,val
P16360,val
P10227,val
P03592,val
P10280,val
P04586,val
P05032,val
P19614,val
P13846,val
P13609,val
P19593,val
P04812,val
P02757,val
P16245,val
P15545,val
P11214,val
P12679,val
P08481,val
P19256,val
P16157,val
P16437,val
P05752,val
P01316,val
P17936,val
P19348,val
P08152,val
P15680,val
P11141,val
P19087,val
P11343,val
P04620,val
P18558,val
P10248,val
P09659,val
P15574,val
P03553,val
P09018,val
P08296,val
P00987,val
P08158,val
P04104,val
P01827,val
P13467,val
P00260,val
P19515,val
P07293,val
P04921,val
P02221,val
P11096,val
P03713,val
P04985,val
P00513,val
P14581,val
P15500,val
P07949,val
P04845,val
P16317,val
P02394,val
P10081,val
P19888,val
P15114,val
P14692,val
P09923,val
P12403,val
P02524,val
P08805,val
P03287,val
P04939,val
P18397,val
P19312,val
P03339,val
P02187,val
P03173,val
P11815,val
P03846,val
P09843,val
P06675,val
P06100,val
P00221,val
P09580,val
P19689,val
P01084,val
P17934,val
P14551,val
P15206,val
P08651,val
P02684,val
P08149,val
P10221,val
P11565,val
P07816,val
P15297,val
P09362,val
P07409,val
P16776,val
P19752,val
P00805,val
P19925,val
P12354,val
P00009,val
P02481,val
P12820,val
P08921,val
P18260,val
P06948,val
P16342,val
P08701,val
P09937,val
P13602,val
P15403,val
P14323,val
P11778,val
P12013,val
P18958,val
P19954,val
P18699,val
P13133,val
P00222,val
P12692,val
P03068,val
P07492,val
P10373,val
P15759,val
P10143,val
P13034,val
P07658,val
P05515,val
P07394,val
P18339,val
P10583,val
P10211,val
P09818,val
P13764,val
P17745,val
P18284,val
P05588,val
P17505,val
P09194,val
P05852,val
P07205,val
P08759,val
P19321,val
P09170,val
P12666,val
P11869,val
P03119,val
P08748,val
P02869,val
P09038,val
P16048,val
P19802,val
P17416,val
P19475,val
P02979,val
P12355,val
P09524,val
P18861,val
P10005,val
P15032,val
P03926,val
P02083,val
P19811,val
P16386,val
P02230,val
P03204,val
P16676,val
P08183,val
P17869,val
P18066,val
P05965,test
P06971,test
P01676,test
P16729,test
P08226,test
P15184,test
P12466,test
P02137,test
P14869,test
P02656,test
P05196,test
P13228,test
P02575,test
P13179,test
P10288,test
P06254,test
P19837,test
P05286,test
P17684,test
P03946,test
P01505,test
P01482,test
P00655,test
P02473,test
P05580,test
P10649,test
P16233,test
P12843,test
P09682,test
P05626,test
P13555,test
P12645,test
P05069,test
P14144,test
P14595,test
P15793,test
P06705,test
P15126,test
P08455,test
P08760,test
P08840,test
P00610,test
P12560,test
P08012,test
P08584,test
P05604,test
P08615,test
P14450,test
P14537,test
P16808,test
P02400,test
P16083,test
P17711,test
P14571,test
P03069,test
P17315,test
P01008,test
P18301,test
P17855,test
P18924,test
P12446,test
P00231,test
P13435,test
P02251,test
P10402,test
P13437,test
P07958,test
P15097,test
P10429,test
P00415,test
P15633,test
P15475,test
P18976,test
P18596,test
P08610,test
P09803,test
P04422,test
P16201,test
P15029,test
P04263,test
P12035,test
P14788,test
P09218,test
P00899,test
P04352,test
P12678,test
P10117,test
P13531,test
P01364,test
P10657,test
P13200,test
P12235,test
P00396,test
P07479,test
P13046,test
P13136,test
P10089,test
P00857,test
P14464,test
P09732,test
P18629,test
P04340,test
P06135,test
P08143,test
P11889,test
P18669,test
P04265,test
P12572,test
P15876,test
P13505,test
P16705,test
P03403,test
P15740,test
P19659,test
P16580,test
P11811,test
P13183,test
P01078,test
P04371,test
P14424,test
P06629,test
P10854,test
P04560,test
P02241,test
P15395,test
P06697,test
P00095,test
P11509,test
P07831,test
P03918,test
P00394,test
P04603,test
P04675,test
P05855,test
P00583,test
P10403,test
P12420,test
P09432,test
P00166,test
P01743,test
P04882,test
P07285,test
P11211,test
P07426,test
P16413,test
P17527,test
P12297,test
P09382,test
P19970,test
P11729,test
P04181,test
P02118,test
P18064,test
P06636,test
P17035,test
P18719,test
P07047,test
P12389,test
P04917,test
P11244,test
P19431,test
P16148,test
P08401,test
P10927,test
P02849,test
P17448,test
P02467,test
P01137,test
P19245,test
P15305,test
P12686,test
P11308,test
P19717,test
P03458,test
P13684,test
P10315,test
P00398,test
P19080,test
P12008,test
P12974,test
P07560,test
P08644,test
P10622,test
P07725,test
P09986,test
P07860,test
P13158,test
P12237,test
P11944,test
P16056,test
P11826,test
P19223,test
P09494,test
P09528,test
P04878,test
P14985,test
P17061,test
P13929,test
P16127,test
P05242,test
P01861,test
P18188,test
P05915,test
P07670,test
P15605,test
P12518,test
P05416,test
P08123,test
P01908,test
P03691,test
P13129,test
P00922,test
P16542,test
P04806,test
P11580,test
P13877,test
P03987,test
P09190,test
P08881,test
P12106,test
P13093,test
P11409,test
P09961,test
P02255,test
P19241,test
P15809,test
P06362,test
P14653,test
P01100,test
P04823,test
P10466,test
P06346,test
P15255,test
P19573,test
P10581,test
P09017,test
P03980,test
P07596,test
P00629,test
P06006,test
P08150,test
P17770,test
P17665,test
P06021,test
P06860,test
P03934,test
P12435,test
P16034,test
P03854,test
P14923,test
P00591,test
P05057,test
P04977,test
P03797,test
P14252,test
P11922,test
P12178,test
P04713,test
P04852,test
P08795,test
P02915,test
P16712,test
P08340,test
P01136,test
P02266,test
P05870,test
P16904,test
P03915,test
P06665,test
P19172,test
P06440,test
P11689,test
P12528,test
P02257,test
P06541,test
P19224,test
P09236,test
P09073,test
P11164,test
P16042,test
P09850,test
P15274,test
P03716,test
P18019,test
P05559,test
P02247,test
P15212,test
P00399,test
P02295,test
P03978,test
P16569,test
P14904,test
P17917,test
P05534,test
P14242,test
P04647,test
P03117,test
P10482,test
P07419,test
P13654,test
P06270,test
P02964,test
P15566,test
P14361,test
P02828,test
P00883,test
P12653,test
P03294,test
P17595,test
P05104,test
P07444,test
P12996,test
P09675,test
P03036,test
P11615,test
P02953,test
P12335,test
P02317,test
P17997,test
P06633,test
P07977,test
P12823,test
P13199,test
P02970,test
P17235,test
P14775,test
P03144,test
P02374,test
P17145,test
P00418,test
P05248,test
P16472,test
P19647,test
P19680,test
P18611,test
P09686,test
P09260,test
P13384,test
P17673,test
P19261,test
P04632,test
P13810,test
P18685,test
P11127,test
P19743,test
P14368,test
P15214,test
P07350,test
P16716,test
P12115,test
P09400,test
P19556,test
P07963,test
P00789,test
P11497,test
P19821,test
P02527,test
P10758,test
P19781,test
P15147,test
P17450,test
P15478,test
P00417,test
P06533,test
P05719,test
P19535,test
P18798,test
P13874,test
P10840,test
P14669,test
P03569,test
P07451,test
P04403,test
P11429,test
P01911,test
P07561,test
P11054,test
P17557,test
P01087,test
P15291,test
P19926,test
P04674,test
P05841,test
P18639,test
P12074,test
P08354,test
P02490,test
P10501,test
P01804,test
P15081,test
P18233,test
P02966,test
P16960,test
P12401,test
P00739,test
P06427,test
P18537,test
P06430,test
P05586,test
P04292,test
P02893,test
P05803,test
P15642,test
P13640,test
P17900,test
P04928,test
P10037,test
P14451,test
P10833,test
P02027,test
P01895,test
P14013,test
P07922,test
P05617,test
P08942,test
P13885,test
P17349,test
P14953,test
P16840,test
P04465,test
P06148,test
P01398,test
P09503,test
P11450,test
P19291,test
P15327,test
P14127,test
P05427,test
P15894,test
P05974,test
P01693,test
P17822,test
P04883,test
P18655,test
P10484,test
P04486,test
P12169,test
P08864,test
P06531,test
P18933,test
P00622,test
P18712,test
P18436,test
P01863,test
P05644,test
P16185,test
P03741,test
P12289,test
P01237,test
P00652,test
P02518,test
P16552,test
P15125,test
P12876,test
P18849,test
P06340,test
P18638,test
P15411,test
P04930,test
P04948,test
P15163,test
P03472,test
P14515,test
P19644,test
P02593,test
P01976,test
P00840,test
P10451,test
P19913,test
P02823,test
P06623,test
P19772,test
P04707,test
P15428,test
P03662,test
P18635,test
P14212,test
P03565,test
P05227,test
P18551,test
P04466,test
P06003,test
P18697,test
P12448,test
P08249,test
P06519,test
P07389,test
P10095,test
P17627,test
P14014,test
P03868,test
P15127,test
P13777,test
P18858,test
P11110,test
P15678,test
P07859,test
P19258,test
P01535,test
P03975,test
P02749,test
P19961,test
P10463,test
P13933,test
P07863,test
P17944,test
P02746,test
P02195,test
P03015,test
P11734,test
P06626,test
P12573,test
P03579,test
P17060,test
P11109,test
P11066,test
P05995,test
P12805,test
P01828,test
P14523,test
P13507,test
P09646,test
P03076,test
P17475,test
P17731,test
P11318,test
P06484,test
P13342,test
P15526,test
P19496,test
P02318,test
P19699,test
P00275,test
P17648,test
P15088,test
P07938,test
P16876,test
P15161,test
P12236,test
P15874,test
P05038,test
P14306,test
P09549,test
P16780,test
P08580,test
P06062,test
P16858,test
P02728,test
P06396,test
P15682,test
P11667,test
P06354,test
P06089,test
P03366,test
P07929,test
P11764,test
P18065,test
P04552,test
P12545,test
P11568,test
P11880,test
P13022,test
P18621,test
P12155,test
P07650,test
P09163,test
P01766,test
P00592,test
P19377,test
P19041,test
P02052,test
P10708,test
P16564,test
P03206,test
P03621,test
P15023,test
P09355,test
P17963,test
P01093,test
P16528,test
P17676,test
P05671,test
P18600,test
P17907,test
P10234,test
P05656,test
P15348,test
P10888,test
P08500,test
P16967,test
P00993,test
P06979,test
P00019,test
P15627,test
P17714,test
P01927,test
P19739,test
P05498,test
P05811,test
P15444,test
P13605,test
P04134,test
P01835,test
P14593,test
P08038,test
P14387,test
P05060,test
P03996,test
P19634,test
P18790,test
P12590,test
P19479,test
P08622,test
P02238,test
P19491,test
P04103,test
P01053,test
P07000,test
P18069,test
P01880,test
P09054,test
P14383,test
P17709,test
P01991,test
P02021,test
P08533,test
P03332,test
P10996,test
P10240,test
P12329,test
P13134,test
P04736,test
P14906,test
P04480,test
P04413,test
P11836,test
P18011,test
P06455,test
P09584,test
P10040,test
P13333,test
P18526,test
P19767,test
P10121,test
P16446,test
P03179,test
P03963,test
P09168,test
P12764,test
P04747,test
P09515,test
P07067,test
P18090,test
P06816,test
P08144,test
P05832,test
P16836,test
P00328,test
P13752,test
P09936,test
P02437,test
P02797,test
P10396,test
P12064,test
P12551,test
P09009,test
P10803,test
P04251,test
P07464,test
P18193,test
P11037,test
P07707,test
P10490,test
P08400,test
P18266,test
P14980,test
P02185,test
P07784,test
P00462,test
P11599,test
P07894,test
P05987,test
P12989,test
P02188,test
P02744,test
P14052,test
P03526,test
P06313,test
P12007,test
P11714,test
P13536,test
P18780,test
P07635,test
P02562,test
P07391,test
P18460,test
P03593,test
P03914,test
P12234,test
P06669,test
P15999,test
P12089,test
P15693,test
P07776,test
P00503,test
P11722,test
P01825,test
P17849,test
P09131,test
P07718,test
P09729,test
P18092,test
P00274,test
P16231,test
P17617,test
P09097,test
P06092,test
P10549,test
P02559,test
P01958,test
P17519,test
P05787,test
P07230,test
P14436,test
P14739,test
P16211,test
P04023,test
P09427,test
P13812,test
P12903,test
P00919,test
P17525,test
P14587,test
P11847,test
P00097,test
P16022,test
P06319,test
P13784,test
P05983,test
P06576,test
P02858,test
P17006,test
P06963,test
P05001,test
P08558,test
P16493,test
P11726,test
P18311,test
P16772,test
P00827,test
P10762,test
P12359,test
P07884,test
P09174,test
P01534,test
P10146,test
P04797,test
P03160,test
P15604,test
P18514,test
P15046,test
P13120,test
P17514,test
P00334,test
P11837,test
P09987,test
P07600,test
P03795,test
P12564,test
P15198,test
P03743,test
P14092,test
P17561,test
P02703,test
P12450,test
P00033,test
P13074,test
P19838,test
P12914,test
P18728,test
P03849,test
P08594,test
P11600,test
P13491,test
P02213,test
P00368,test
P17304,test
P10222,test
P01729,test
P16794,test
P16579,test
P05160,test
P15804,test
P00594,test
P01114,test
P03624,test
P01947,test
P16954,test
P11828,test
P03185,test
P18644,test
P12776,test
P02535,test
P07296,test
P12795,test
P07341,test
P01190,test
P11303,test
P17871,test
P00742,test
P16525,test
P09022,test
P15910,test
P19106,test
P12482,test
P00786,test
P07756,test
P04155,test
P18852,test
P11201,test
P07355,test
P07665,test
P13090,test
P00370,test
P09556,test
P10091,test
P12249,test
P04562,test
P03266,test
P18721,test
P13840,test
P01513,test
P10232,test
P19723,test
P17922,test
P16842,test
P10421,test
P02361,test
P00320,test
P19309,test
P07192,test
P19058,test
P19134,test
P15164,test
P16535,test
P04610,test
P09208,test
P03564,test
P00227,test
P04303,test
P18318,test
P03937,test
P12745,test
P19304,test
P04481,test
P15870,test
P19061,test
P11457,test
P05703,test
P00191,test
P08292,test
P03367,test
P04700,test
P16189,test
P00801,test
P10494,test
P01010,test
P14318,test
P09025,test
P07530,test
P19170,test
P04278,test
P19069,test
P17339,test
P09348,test
P18904,test
P19001,test
P02381,test
P13556,test
P17727,test
P15393,test
P00021,test
P18605,test
P01444,test
P18559,test
P03422,test
P13257,test
P15714,test
P13222,test
P13688,test
P17193,test
P04065,test
P11969,test
P07127,test
P05726,test
P09424,test
P03457,test
P18566,test
P17624,test
P04169,test
P09169,test
P14469,test
P19741,test
P14425,test
P01933,test
P17861,test
P15579,test
P19340,test
P13383,test
P18826,test
P13702,test
P07066,test
P09500,test
P19768,test
P14848,test
P12287,test
P00066,test
P16268,test
P16480,test
P17633,test
P11116,test
P07643,test
P17801,test
P14703,test
P02778,test
P17777,test
P03734,test
P05784,test
P11606,test
P17356,test
P05682,test
P04125,test
P19991,test
P04746,test
P16830,test
P14611,test
P13910,test
P09594,test
P15028,test
P07246,test
P06076,test
P02841,test
P10172,test
P10633,test
P10368,test
P17203,test
P12353,test
P03537,test
P19259,test
P05964,test
P05012,test
P02698,test
P00122,test
P17704,test
P11540,test
P13062,test
P10169,test
P01631,test
P04415,test
P15119,test
P10855,test
P18075,test
P10859,test
P13043,test
P00083,test
P00791,test
P13500,test
P14722,test
P08322,test
P16935,test
P18793,test
P15051,test
P04137,test
P14467,test
P03132,test
P06240,test
P07302,test
P17988,test
P10179,test
P08276,test
P15703,test
P10793,test
P17921,test
P00664,test
P05327,test
P13511,test
P02951,test
P16466,test
P13154,test
P13432,test
P09368,test
P16168,test
P10993,test
P14336,test
P12055,test
P13551,test
P03349,test
P18651,test
P00719,test
P07623,test
P01966,test
P01969,test
P16929,test
P01836,test
P01758,test
P03622,test
P01799,test
P02196,test
P11108,test
P05388,test
P13563,test
P15388,test
P04290,test
P18398,test
P12316,test
P11804,test
P17966,test
P08151,test
P18390,test
P16560,test
P18765,test
P03098,test
P00964,test
P13704,test
P09130,test
P12548,test
P04280,test
P03802,test
P02170,test
P13367,test
P12085,test
P10593,test
P15933,test
P06710,test
P14821,test
P01834,test
P10624,test
P17032,test
P11853,test
P14466,test
P02325,test
P12293,test
P04331,test
P13254,test
P11477,test
P09669,test
P04453,test
P19574,test
P06142,test
P09475,test
P04576,test
P18812,test
P02316,test
P07551,test
P06988,test
P10267,test
P19592,test
P01959,test
P05213,test
P15547,test
P10551,test
P17865,test
P00106,test
P08874,test
P03654,test
P06431,test
P10464,test
P14680,test
P19712,test
P13214,test
P17409,test
P11538,test
P07599,test
P18532,test
P15577,test
P13717,test
P13208,test
P16409,test
P05289,test
P01202,test
P04681,test
P07034,test
P16521,test
P14076,test
P02782,test
P02309,test
P11959,test
P12243,test
P14409,test
P06746,test
P02156,test
P01702,test
P13000,test
P08870,test
P06024,test
P10060,test
P08528,test
P11300,test
P13855,test
P16826,test
P12134,test
P05636,test
P08256,test
P05484,test
P07406,test
P13329,test
P18373,test
P12180,test
P01858,test
P14272,test
P10224,test
P01635,test
P18964,test
P04502,test
P09255,test
P18741,test
P01771,test
P13193,test
P10264,test
P00102,test
P19834,test
P06572,test
P04664,test
P02398,test
P00092,test
P04709,test
P18641,test
P00618,test
P13029,test
P16107,test
P10658,test
P12240,test
P19057,test
P05824,test
P16373,test
P02148,test
P10863,test
P01055,test
P12565,test
P13613,test
P02973,test
P18949,test
P13597,test
P04848,test
P12105,test
P04964,test
P07937,test
P03831,test
P15539,test
P01922,test
P03051,test
P19462,test
P01580,test
P03414,test
P13751,test
P12250,test
P12492,test
P15002,test
P03156,test
P13178,test
P11623,test
P06398,test
P18329,test
P12640,test
P15416,test
P12165,test
P09141,test
P11566,test
P11894,test
P03199,test
P17660,test
P10641,test
P18182,test
P07257,test
P13986,test
P03645,test
P14133,test
P04312,test
P02117,test
P08258,test
P14435,test
P17183,test
P15710,test
P11077,test
P17081,test
P18921,test
P17225,test
P16040,test
P14570,test
P13461,test
P00074,test
P05494,test
P16000,test
P19459,test
P01392,test
P16680,test
P11191,test
P00144,test
P18918,test
P11330,test
P03775,test
P19402,test
P00917,test
P13012,test
P03658,test
P01570,test
P11358,test
P10336,test
P17009,test
P14228,test
P16845,test
P08889,test
P18391,test
P06087,test
P08018,test
P08992,test
P04723,test
P14631,test
P07320,test
P06305,test
P17487,test
P02842,test
P13030,test
P15898,test
P13403,test
P05674,test
P19942,test
P17501,test
P12378,test
P17792,test
P01856,test
P12388,test
P02326,test
P15744,test
P00002,test
P03410,test
P00446,test
P07639,test
P03219,test
P03608,test
P01971,test
P01678,test
P03013,test
P02165,test
P16434,test
P09678,test
P01815,test
P07939,test
P15975,test
P01183,test
P16853,test
P05397,test
P17998,test
P10355,test
P10448,test
P07095,test
P14684,test
P14699,test
P12366,test
P01207,test
P09562,test
P11000,test
P18094,test
P16765,test
P00176,test
P11213,test
P18917,test
P17128,test
P15599,test
P04957,test
P17368,test
P05489,test
P16071,test
P02557,test
P05231,test
P06236,test
P15200,test
P03794,test
P06317,test
P08542,test
P02111,test
P19448,test
P03505,test
P06613,test
P09868,test
P18627,test
P16544,test
P03640,test
P14762,test
P10294,test
P04080,test
P00247,test
P19626,test
P19713,test
P02215,test
P16377,test
P12408,test
P16561,test
P01949,test
P03703,test
P03719,test
P07584,test
P13794,test
P14773,test
P18166,test
P16534,test
P01188,test
P13039,test
P01194,test
P00179,test
P04372,test
P18897,test
P18212,test
P07790,test
P16227,test
P12955,test
P17307,test
P18399,test
P14745,test
P18304,test
P15387,test
P09908,test
P00064,test
P05561,test
P19978,test
P04763,test
P12641,test
P19420,test
P13107,test
P06274,test
P15830,test
P16512,test
P13638,test
P04213,test
P14873,test
P12119,test
P01314,test
P15663,test
P11646,test
P07144,test
P08787,test
P06451,test
P14607,test
P16868,test
P09217,test
P18963,test
P13423,test
P16432,test
P19882,test
P01209,test
P06176,test
P04542,test
P13388,test
P03522,test
P17226,test
P05130,test
P10687,test
P13731,test
P18490,test
P06527,test
P12114,test
P02617,test
P15467,test
P19021,test
P08470,test
P09518,test
P04698,test
P15352,test
P13225,test
P06754,test
P00494,test
P06327,test
P03413,test
P03252,test
P06600,test
P08866,test
P05298,test
P13836,test
P11570,test
P16752,test
P00934,test
P13919,test
P11177,test
P19428,test
P05467,test
P09219,test
P05970,test
P03939,test
P18955,test
P03536,test
P12909,test
P13235,test
P11874,test
P15911,test
P17835,test
P01817,test
P12931,test
P09201,test
P12731,test
P00721,test
P17811,test
P03844,test
P15304,test
P12913,test
P04176,test
P17645,test
P01138,test
P12554,test
P08437,test
P10326,test
P19123,test
P00580,test
P11414,test
P15337,test
P18796,test
P10380,test
P06767,test
P01395,test
P00128,test
P09819,test
P06609,test
P13353,test
P06983,test
P02383,test
P14889,test
P16784,test
P06010,test
P01433,test
P19624,test
P05612,test
P02087,test
P16664,test
P11029,test
P08035,test
P18073,test
P17051,test
P10292,test
P02880,test
P11426,test
P10779,test
P00318,test
P08105,test
P00536,test
P10096,test
P16781,test
P09161,test
P19878,test
P06421,test
P15442,test
P13019,test
P07382,test
P06413,test
P11044,test
P19756,test
P12624,test
P10968,test
P10202,test
P18865,test
P15891,test
P01669,test
P02640,test
P16077,test
P03872,test
P05992,test
P00725,test
P13168,test
P13567,test
P18962,test
P02018,test
P01578,test
P12949,test
P00692,test
P05533,test
P14977,test
P05156,test
P19028,test
P01498,test
P00333,test
P05802,test
P02565,test
P03114,test
P09456,test
P06105,test
P11536,test
P15742,test
P19359,test
P03193,test
P19923,test
P13822,test
P15900,test
P19330,test
P15325,test
P05585,test
P06032,test
P11719,test
P01703,test
P13894,test
P09126,test
P00706,test
P13934,test
P08693,test
P10567,test
P13871,test
P05864,test
P10131,test
P03026,test
P11644,test
P09610,test
P15842,test
P11128,test
P12406,test
P11154,test
P16143,test
P06570,test
P10664,test
P16693,test
P19016,test
P12154,test
P11474,test
P01550,test
P13875,test
P06129,test
P00690,test
P07577,test
P02263,test
P11025,test
P17317,test
P15977,test
P18811,test
P09590,test
P06507,test
P16946,test
P03377,test
P19875,test
P05921,test
P08993,test
P19584,test
P16736,test
P01744,test
P16132,test
P07616,test
P08026,test
P02005,test
P05598,test
P08078,test
P03560,test
P02051,test
P15829,test
P17810,test
P03671,test
P19295,test
P18228,test
P15374,test
P06640,test
P17600,test
P15855,test
P14963,test
P00793,test
P09254,test
P05161,test
P13901,test
P08213,test
P09806,test
P13348,test
P13244,test
P11417,test
P13527,test
P14746,test
P16449,test
P08654,test
P08945,test
P15140,test
P05020,test
P18033,test
P04645,test
P16740,test
P10210,test
P19470,test
P14483,test
P09101,test
P18171,test
P08731,test
P17687,test
P19508,test
P10791,test
P16627,test
P18026,test
P11785,test
P11348,test
P02661,test
P05158,test
P18637,test
P07892,test
P18081,test
P08122,test
P02929,test
P16418,test
P14645,test
P06416,test
P01439,test
P02409,test
P00890,test
P10418,test
P12705,test
P03685,test
P08344,test
P11833,test
P06957,test
P10383,test
P17131,test
P04116,test
P04835,test
P11079,test
P13318,test
P09551,test
P13086,test
P08966,test
P09088,test
P14843,test
P10033,test
P03401,test
P11239,test
P06465,test
P12135,test
P18788,test
P10919,test
P17943,test
P17893,test
P10344,test
P04595,test
P00753,test
P17332,test
P19755,test
P09491,test
P08557,test
P17694,test
P08118,test
P14089,test
P01510,test
P16919,test
P11275,test
P03954,test
P05176,test
P12463,test
P06666,test
P19406,test
P03209,test
P18354,test
P09420,test
P02399,test
P07011,test
P15519,test
P04919,test
P05211,test
P04833,test
P07288,test
P07674,test
P03570,test
P13523,test
P01480,test
P15672,test
P10848,test
P09232,test
P06842,test
P12442,test
P16383,test
P05743,test
P19386,test
P15835,test
P07701,test
P14600,test
P16622,test
P02085,test
P17397,test
P00321,test
P05348,test
P03786,test
P02918,test
P09853,test
P03187,test
P01821,test
P18494,test
P18421,test
P10426,test
P15170,test
P05844,test
P03218,test
P08985,test
P01625,test
P08586,test
P16206,test
P18499,test
P19145,test
P13484,test
P12815,test
P17799,test
P18673,test
P00773,test
P06065,test
P04871,test
P07542,test
P08418,test
P15808,test
P06095,test
P16567,test
P05448,test
P16755,test
P04111,test
P01692,test
P07804,test
P15488,test
P12342,test
P00569,test
P12780,test
P08940,test
P03950,test
P15634,test
P10204,test
P14539,test
P01944,test
P00270,test
P14507,test
P17047,test
P14403,test
P19944,test
P11965,test
P07557,test
P03198,test
P00276,test
P00207,test
P14860,test
P12020,test
P14696,test
P06203,test
P18243,test
P00653,test
P10933,test
P05492,test
P16902,test
P14043,test
P18282,test
P00682,test
P01126,test
P15326,test
P08174,test
P06510,test
P10667,test
P00386,test
P05705,test
P02275,test
P18690,test
P05304,test
P15557,test
P15202,test
P03828,test
P05592,test
P06364,test
P09069,test
P09808,test
P04906,test
P02567,test
P07452,test
P09143,test
P00599,test
P08185,test
P11598,test
P18740,test
P05288,test
P03835,test
P09123,test
P06471,test
P19338,test
P09199,test
P01872,test
P10108,test
P06997,test
P13831,test
P04509,test
P08316,test
P04506,test
P03754,test
P05387,test
P16416,test
P05761,test
P18543,test
P10254,test
P11339,test
P06661,test
P03398,test
P01263,test
P19116,test
P17363,test
P04468,test
P00577,test
P11427,test
P07477,test
P02826,test
P16242,test
P03047,test
P17255,test
P15116,test
P10017,test
P11083,test
P17996,test
P17125,test
P00154,test
P16284,test
P17252,test
P16875,test
P00760,test
P09298,test
P19465,test
P02662,test
P09810,test
P07541,test
P03974,test
P07921,test
P16642,test
P07300,test
P10737,test
P14134,test
P12108,test
P19192,test
P17578,test
P18795,test
P12464,test
P13852,test
P12525,test
P10552,test
P19686,test
P03792,test
P18063,test
P18803,test
P01064,test
P11229,test
P13789,test
P16963,test
P10106,test
P10566,test
P07214,test
P06171,test
P00024,test
P01356,test
P04327,test
P08254,test
P13769,test
P09270,test
P03603,test
P15529,test
P00167,test
P00483,test
P09343,test
P10098,test
P10123,test
P12391,test
P15596,test
P15420,test
P19062,test
P01512,test
P18743,test
P00606,test
P18428,test
P08888,test
P06509,test
P10505,test
P09116,test
P00053,test
P06485,test
P04254,test
P04711,test
P18883,test
P11038,test
P18122,test
P04245,test
P06974,test
P06246,test
P01362,test
P14204,test
P05331,test
P15364,test
P18619,test
P14861,test
P03546,test
P01867,test
P07002,test
P04241,test
P18410,test
P10695,test
P03042,test
P01378,test
P11571,test
P12616,test
P11158,test
P11630,test
P08971,test
P17905,test
P08792,test
P19293,test
P05199,test
P05814,test
P17024,test
P02019,test
P05551,test
P09028,test
P15886,test
P06307,test
P02583,test
P19716,test
P05948,test
P14596,test
P06618,test
P16513,test
P03864,test
P06656,test
P14087,test
P10525,test
P02779,test
P07322,test
P17396,test
P09835,test
P19979,test
P13042,test
P07069,test
P03292,test
P15319,test
P17223,test
P06308,test
P14721,test
P14065,test
P17188,test
P00715,test
P12124,test
P10397,test
P09245,test
P18886,test
P02673,test
P19972,test
P06160,test
P15969,test
P13459,test
P11126,test
P06992,test
P09075,test
P18430,test
P01612,test
P09588,test
P17932,test
P15717,test
P04753,test
P19957,test
P19981,test
P10200,test
P07228,test
P08735,test
P00524,test
P18684,test
P02482,test
P03994,test
P04296,test
P06513,test
P19628,test
P15684,test
P08977,test
P15429,test
P15171,test
P04830,test
P12774,test
P15603,test
P19395,test
P14751,test
P07206,test
P06722,test
P11119,test
P09529,test
P07359,test
P13372,test
P07013,test
P04090,test
P06752,test
P18273,test
P10940,test
P19864,test
P00357,test
P00585,test
P08969,test
P04274,test
P14949,test
P12361,test
P02178,test
P02804,test
P18044,test
P05109,test
P01337,test
P11316,test
P07524,test
P04193,test
P11266,test
P07817,test
P07970,test
P18464,test
P12885,test
P19210,test
P15507,test
P03100,test
P02855,test
P16038,test
P13554,test
P01361,test
P05643,test
P18423,test
P02511,test
P12049,test
P09416,test
P03109,test
P01630,test
P18672,test
P16822,test
P12183,test
P02921,test
P00663,test
P13324,test
P12242,test
P08980,test
P17713,test
P17626,test
P02947,test
P02902,test
P11084,test
P15723,test
P05653,test
P00996,test
P05699,test
P17452,test
P09111,test
P03309,test
P18320,test
P17201,test
P09844,test
P11035,test
P18646,test
P08368,test
P06766,test
P15470,test
P12980,test
P15134,test
P12854,test
P11693,test
P06758,test
P12650,test
P16297,test
P09326,test
P19318,test
P19751,test
P13472,test
P17015,test
P06054,test
P14243,test
P10319,test
P11876,test
P06306,test
P07331,test
P12441,test
P13382,test
P05906,test
P13341,test
P03583,test
P05111,test
P10377,test
P04024,test
P01974,test
P09793,test
P19690,test
P12883,test
P11379,test
P14912,test
P04986,test
P01453,test
P15302,test
P19910,test
P19718,test
P11789,test
P15516,test
P18794,test
P15888,test
P11659,test
P08216,test
P18211,test
P02683,test
P03888,test
P19214,test
P05630,test
P15708,test
P15487,test
P16203,test
P04728,test
P15954,test
P01967,test
P16955,test
P07640,test
P10251,test
P19543,test
P17574,test
P00237,test
P01160,test
P18594,test
P16140,test
P00733,test
P14712,test
P17510,test
P03960,test
P03755,test
P12120,test
P19985,test
P03721,test
P00086,test
P07763,test
P06304,test
P00611,test
P11821,test
P11432,test
P00650,test
P10342,test
P12911,test
P16957,test
P07902,test
P01551,test
P17361,test
P17742,test
P06378,test
P19908,test
P12694,test
P11649,test
P14068,test
P17760,test
P03161,test
P09755,test
P03192,test
P01695,test
P16518,test
P02934,test
P01704,test
P15443,test
P19965,test
P15362,test
P05552,test
P04408,test
P08703,test
P08962,test
P01763,test
P18287,test
P15880,test
P05440,test
P09406,test
P08271,test
P14698,test
P05407,test
P17852,test
P01687,test
P09665,test
P02464,test
P19662,test
P02900,test
P15779,test
P12902,test
P14333,test
P09758,test
P09738,test
P03585,test
P07042,test
P09471,test
P12487,test
P07482,test
P17263,test
P06871,test
P12836,test
P04030,test
P09603,test
P11010,test
P17913,test
P13417,test
P14072,test
P10595,test
P00192,test
P06779,test
P03093,test
P10296,test
P08099,test
P02941,test
P19143,test
P10050,test
P19591,test
P03778,test
P03440,test
P12900,test
P16209,test
P08431,test
P18859,test
P01749,test
P01452,test
P08677,test
P08695,test
P06502,test
P12277,test
P08432,test
P12891,test
P10207,test
P09258,test
P04655,test
P07091,test
P14556,test
P17601,test
P12515,test
P18643,test
P15110,test
P01152,test
P08897,test
P17026,test
P04611,test
P10724,test
P12628,test
P18772,test
P03627,test
P11057,test
P07791,test
P02203,test
P03191,test
P03022,test
P07505,test
P18030,test
P01901,test
P09719,test
P19720,test
P04816,test
P08937,test
P02040,test
P09541,test
P01446,test
P10526,test
P02750,test
P15845,test
P01359,test
P17301,test
P06321,test
P15123,test
P01259,test
P14503,test
P02923,test
P06865,test
P10335,test
P13858,test
P18825,test
P10190,test
P16764,test
P18496,test
P07882,test
P01841,test
P01103,test
P12617,test
P09094,test
P04735,test
P06621,test
P04996,test
P14095,test
P11835,test
P12123,test
P18777,test
P17498,test
P18876,test
P10959,test
P16125,test
P15410,test
P16726,test
P06827,test
P01470,test
P14399,test
P02417,test
P07758,test
P13948,test
P06439,test
P18117,test
P06168,test
P00256,test
P15465,test
P13954,test
P06884,test
P12811,test
P02360,test
P12865,test
P00442,test
P05564,test
P02166,test
P06158,test
P09474,test
P09003,test
P08434,test
P04174,test
P12098,test
P06289,test
P19014,test
P17491,test
P11932,test
P00620,test
P15988,test
P04082,test
P09267,test
P13830,test
P13462,test
P05441,test
P12427,test
P14231,test
P11966,test
P04195,test
P13277,test
P19004,test
P01995,test
P00729,test
P16194,test
P04716,test
P04354,test
P13475,test
P05961,test
P18400,test
P08520,test
P16505,test
P07874,test
P13680,test
P10497,test
P12821,test
P18123,test
P05112,test
P13473,test
P04796,test
P02375,test
P02931,test
P07312,test
P01594,test
P10488,test
P03830,test
P08234,test
P10878,test
P04072,test
P13615,test
P13289,test
P07930,test
P14047,test
P08880,test
P11366,test
P10301,test
P05882,test
P07985,test
P19791,test
P08503,test
P01621,test
P19416,test
P03005,test
P18582,test
P13438,test
P11172,test
P00282,test
P14400,test
P10974,test
P12095,test
P11515,test
P02689,test
P14311,test
P12493,test
P01479,test
P00925,test
P04378,test
P12144,test
P10969,test
P08816,test
P12945,test
P02810,test
P08794,test
P14527,test
P11730,test
P11664,test
P02497,test
P02734,test
P08064,test
P01147,test
P18351,test
P04972,test
P12077,test
P06649,test
P01338,test
P11703,test
P19155,test
P17072,test
P16674,test
P19433,test
P04946,test
P10913,test
P04609,test
P19840,test
P17219,test
P18009,test
P00168,test
P06724,test
P03324,test
P13634,test
P16086,test
P17657,test
P07870,test
P16585,test
P13304,test
P16164,test
P18261,test
P05831,test
P07371,test
P19366,test
P04887,test
P10895,test
P15486,test
P02848,test
P12684,test
P03821,test
P15536,test
P00865,test
P08462,test
P16909,test
P01348,test
P01128,test
P17318,test
P09222,test
P03450,test
P04170,test
P03415,test
P00060,test
P13466,test
P07462,test
P05435,test
P10289,test
P15734,test
P14789,test
P16146,test
P03365,test
P19538,test
P19153,test
P12637,test
P12413,test
P16927,test
P05430,test
P01425,test
P05709,test
P05207,test
P17500,test
P03777,test
P14759,test
P02438,test
P15242,test
P19727,test
P11564,test
P02822,test
P09837,test
P00582,test
P05316,test
P14402,test
P18678,test
P15250,test
P02843,test
P09433,test
P09569,test
P17949,test
P19542,test
P15936,test
P07349,test
P00384,test
P01300,test
P17095,test
P15320,test
P03876,test
P12937,test
P16072,test
P04749,test
P04482,test
P09120,test
P07815,test
P19704,test
P13710,test
P02692,test
P00716,test
P04827,test
P11027,test
P18259,test
P15509,test
P12213,test
P00977,test
P04516,test
P15587,test
P07273,test
P03151,test
P15035,test
P06843,test
P14610,test
P15513,test
P11503,test
P19020,test
P18000,test
P03879,test
P12657,test
P09795,test
P08140,test
P10672,test
P02523,test
P03532,test
P09611,test
P05865,test
P02204,test
P12916,test
P07478,test
P19232,test
P07626,test
P07907,test
P09593,test
P09739,test
P09744,test
P17946,test
P15159,test
P01139,test
P09536,test
P03739,test
P17295,test
P06544,test
P00691,test
P14552,test
P04879,test
P17085,test
P15730,test
P14280,test
P15445,test
P16628,test
P02935,test
P00284,test
P04748,test
P05690,test
P12371,test
P12907,test
P09499,test
P11687,test
P14854,test
P00862,test
P09417,test
P13141,test
P18714,test
P13210,test
P03555,test
P14736,test
P03892,test
P05151,test
P16222,test
P18539,test
P07372,test
P11092,test
P08298,test
P13232,test
P08116,test
P12195,test
P09840,test
P14240,test
P11671,test
P04931,test
P01340,test
P19051,test
P06123,test
P12607,test
P16224,test
P04189,test
P08625,test
P12562,test
P03942,test
P16590,test
P11995,test
P18020,test
P15769,test
P03030,test
P10452,test
P05454,test
P15731,test
P13344,test
P02655,test
P13439,test
P05266,test
P06938,test
P13612,test
P04837,test
P09139,test
P17142,test
P04307,test
P12333,test
P19411,test
P15997,test
P04288,test
P11102,test
P05275,test
P15406,test
P19360,test
P03825,test
P15434,test
P16491,test
P07338,test
P01962,test
P03631,test
P14117,test
P18957,test
P17646,test
P05753,test
P06164,test
P12247,test
P00617,test
P01670,test
P02116,test
P09919,test
P00510,test
P14427,test
P15834,test
P15404,test
P13583,test
P14975,test
P15576,test
P14651,test
P16007,test
P12308,test
P19650,test
P17593,test
P01636,test
P03087,test
P09941,test
P16517,test
P18940,test
P17918,test
P05031,test
P05393,test
P10603,test
P11232,test
P15096,test
P06832,test
P14784,test
P06791,test
P01582,test
P11981,test
P18161,test
P13909,test
P05599,test
P13406,test
P00326,test
P09860,test
P12664,test
P17890,test
P12112,test
P10194,test
P07157,test
P17730,test
P10682,test
P14501,test
P12748,test
P15382,test
P17258,test
P14257,test
P17990,test
P02865,test
P04456,test
P03387,test
P13709,test
P13926,test
P14470,test
P12599,test
P19188,test
P01562,test
P08754,test
P13915,test
P12279,test
P13020,test
P17123,test
P12755,test
P14779,test
P08637,test
P03054,test
P00456,test
P12585,test
P03901,test
P09847,test
P15568,test
P04875,test
P01254,test
P14927,test
P07609,test
P05557,test
P17935,test
P15128,test
P03986,test
P00045,test
P14115,test
P07766,test
P10358,test
P03135,test
P09408,test
P18216,test
P05411,test
P08541,test
P13541,test
P02102,test
P13105,test
P15996,test
P04578,test
P18007,test
P01507,test
P03487,test
P02098,test
P14882,test
P06583,test
P09928,test
P06435,test
P17231,test
P15512,test
P01394,test
P04325,test
P13299,test
P10744,test
P07996,test
P12952,test
P11120,test
P16408,test
P03801,test
P07029,test
P15787,test
P01020,test
P17461,test
P15058,test
P11520,test
P14591,test
P11011,test
P11958,test
P05525,test
P14171,test
P17572,test
P15005,test
P13552,test
P00902,test
P08308,test
P03275,test
P10154,test
P03279,test
P02795,test
P18220,test
P14143,test
P17133,test
P07032,test
P11803,test
P14916,test
P17053,test
P12601,test
P13161,test
P16068,test
P12593,test
P18515,test
P07547,test
P05487,test
P19236,test
P14122,test
P11401,test
P09864,test
P14011,test
P00901,test
P19230,test
P17365,test
P12769,test
P16503,test
P17185,test
P11260,test
P03945,test
P03303,test
P07420,test
P16095,test
P16089,test
P14811,test
P04804,test
P12084,test
P00894,test
P02347,test
P18807,test
P14036,test
P00623,test
P03190,test
P00046,test
P01377,test
P14211,test
P16177,test
P05143,test
P11242,test
P08360,test
P02718,test
P08746,test
P13998,test
P05477,test
P10260,test
P14986,test
P07333,test
P04685,test
P02283,test
P18347,test
P09543,test
P03751,test
P07443,test
P02500,test
P07140,test
P06690,test
P17324,test
P19356,test
P04300,test
P19901,test
P09005,test
P09661,test
P19810,test
P04607,test
P12632,test
P11854,test
P05714,test
P09442,test
P19761,test
P04315,test
P12830,test
P18252,test
P12319,test
P08324,test
P00007,test
P01082,test
P14381,test
P08709,test
P12365,test
P01853,test
P06188,test
P02487,test
P04015,test
P18707,test
P12738,test
P02146,test
P04778,test
P04326,test
P10764,test
P13800,test
P06454,test
P17915,test
P01247,test
P14185,test
P09084,test
P16829,test
P06711,test
P09959,test
P09926,test
P01537,test
P08147,test
P01566,test
P18663,test
P13195,test
P01661,test
P14201,test
P17206,test
P12491,test
P07549,test
P13891,test
P03253,test
P11068,test
P17143,test
P17449,test
P17341,test
P09251,test
P17887,test
P10109,test
P09539,test
P05374,test
P15254,test
P08842,test
P12749,test
P05593,test
P00759,test
P03039,test
P09801,test
P14901,test
P07130,test
P09071,test
P10512,test
P04184,test
P17004,test
P11955,test
P06867,test
P19582,test
P02844,test
P06019,test
P02969,test
P14790,test
P09688,test
P07376,test
P09307,test
P07583,test
P14713,test
P19736,test
P02356,test
P15271,test
P19919,test
P05828,test
P07428,test
P01015,test
P16096,test
P02496,test
P17674,test
P10309,test
P13081,test
P13796,test
P03380,test
P14197,test
P11830,test
P07008,test
P07940,test
P14310,test
P02294,test
P04424,test
P03121,test
P13770,test
P03767,test
P16671,test
P10159,test
P04903,test
P13298,test
P08516,test
P03465,test
P18911,test
P13520,test
P07889,test
P11597,test
P02599,test
P08495,test
P07284,test
P04512,test
P15353,test
P11315,test
P19968,test
P08460,test
P05963,test
P00771,test
P09108,test
P19316,test
P18196,test
P11006,test
P07526,test
P04727,test
P05005,test
P04993,test
P08813,test
P16980,test
P04093,test
P01652,test
P16978,test
P00965,test
P01339,test
P13755,test
P05732,test
P18268,test
P06698,test
P03337,test
P12438,test
P07337,test
P16196,test
P11326,test
P15396,test
P05889,test
P19575,test
P13564,test
P00349,test
P02418,test
P12199,test
P16067,test
P18150,test
P06237,test
P12299,test
P13217,test
P10891,test
P12004,test
P17969,test
P15598,test
P14091,test
P15383,test
P05935,test
P11776,test
P18563,test
P10817,test
P17678,test
P17121,test
P13571,test
P14018,test
P05565,test
P03165,test
P05051,test
P10242,test
P01121,test
P01036,test
P09573,test
P00281,test
P19754,test
